OrderID,CustomerID,CustomerName,Email,Phone,OrderDate,ProductID,ProductName,Category,Quantity,UnitPrice,Discount,TaxRate,ShippingCost,TotalAmount,PaymentMethod,OrderStatus,ShippingAddress,City,State,ZipCode,Country
ORD100001,CUST6499,Customer 6499,customer6499@example.com,+1-555-7749,2023-04-16 13:00:00,PRD885,Product 885,Toys,2,351.92,0.22,0.08,9.76,602.67,PayPal,Pending,2849 Main St,City1,OH,27130,USA
ORD100002,CUST6668,Customer 6668,customer6668@example.com,+1-555-3710,2023-04-02 09:00:00,PRD826,Product 826,Toys,6,860.05,0.25,0.08,7.96,4187.8,Cash on Delivery,Delivered,1239 Main St,City47,NY,76258,USA
ORD100003,CUST3409,Customer 3409,customer3409@example.com,+1-555-5221,2023-08-29 23:00:00,PRD195,Product 195,Electronics,9,987.62,0.03,0.08,7.65,9319.33,PayPal,Processing,8105 Main St,City100,CA,90995,USA
ORD100004,CUST9439,Customer 9439,customer9439@example.com,+1-555-2329,2023-12-14 08:00:00,PRD254,Product 254,Toys,7,394.37,0.29,0.08,8.19,2125.01,Cash on Delivery,Delivered,1503 Main St,City25,NC,58513,USA
ORD100005,CUST8115,Customer 8115,customer8115@example.com,+1-555-3586,2023-04-19 11:00:00,PRD937,Product 937,Toys,8,61.26,0.05,0.08,21.72,524.54,Credit Card,Pending,6040 Main St,City20,NC,77403,USA
ORD100006,CUST6440,Customer 6440,customer6440@example.com,+1-555-5310,2023-06-23 16:00:00,PRD248,Product 248,Toys,7,377.29,0.12,0.08,12.18,2522.21,PayPal,Delivered,7144 Main St,City65,OH,15567,USA
ORD100007,CUST2509,Customer 2509,customer2509@example.com,+1-555-9046,2023-04-02 02:00:00,PRD590,Product 590,Books,10,667.23,0.3,0.08,11.39,5055.65,Cash on Delivery,Pending,4337 Main St,City92,MI,47319,USA
ORD100008,CUST7325,Customer 7325,customer7325@example.com,+1-555-4171,2023-07-11 03:00:00,PRD288,Product 288,Health,3,907.06,0.2,0.08,8.45,2359.55,Cash on Delivery,Cancelled,1319 Main St,City78,MI,23017,USA
ORD100009,CUST4540,Customer 4540,customer4540@example.com,+1-555-8722,2023-07-11 00:00:00,PRD683,Product 683,Automotive,9,208.56,0.16,0.08,10.65,1713.5,Debit Card,Delivered,7649 Main St,City41,TX,61212,USA
ORD100010,CUST2451,Customer 2451,customer2451@example.com,+1-555-8356,2023-02-14 20:00:00,PRD105,Product 105,Books,8,215.01,0.19,0.08,22.59,1527.32,Debit Card,Processing,6708 Main St,City88,GA,72435,USA
ORD100011,CUST2107,Customer 2107,customer2107@example.com,+1-555-6588,2023-01-13 00:00:00,PRD958,Product 958,Automotive,7,126.15,0.23,0.08,11.68,746.02,Credit Card,Shipped,7543 Main St,City88,PA,37089,USA
ORD100012,CUST2494,Customer 2494,customer2494@example.com,+1-555-7086,2023-02-19 04:00:00,PRD512,Product 512,Health,7,962.17,0.04,0.08,18.0,7001.04,Cash on Delivery,Delivered,2452 Main St,City51,NY,44437,USA
ORD100013,CUST2347,Customer 2347,customer2347@example.com,+1-555-5937,2023-05-21 04:00:00,PRD130,Product 130,Books,1,501.87,0.28,0.08,11.04,401.29,Credit Card,Shipped,6812 Main St,City99,GA,36415,USA
ORD100014,CUST9931,Customer 9931,customer9931@example.com,+1-555-1522,2023-06-14 05:00:00,PRD576,Product 576,Electronics,6,350.43,0.07,0.08,6.31,2118.14,Debit Card,Cancelled,3783 Main St,City12,FL,25080,USA
ORD100015,CUST1640,Customer 1640,customer1640@example.com,+1-555-5300,2023-11-14 06:00:00,PRD388,Product 388,Sports,5,914.24,0.21,0.08,11.88,3912.03,Cash on Delivery,Processing,4847 Main St,City85,MI,83195,USA
ORD100016,CUST3070,Customer 3070,customer3070@example.com,+1-555-5331,2023-08-10 21:00:00,PRD387,Product 387,Electronics,3,722.39,0.18,0.08,13.43,1932.68,Bank Transfer,Delivered,1683 Main St,City35,CA,59387,USA
ORD100017,CUST1965,Customer 1965,customer1965@example.com,+1-555-3484,2023-03-21 15:00:00,PRD357,Product 357,Toys,6,496.24,0.15,0.08,7.88,2741.17,Credit Card,Shipped,781 Main St,City22,GA,17910,USA
ORD100018,CUST7128,Customer 7128,customer7128@example.com,+1-555-1736,2023-10-20 08:00:00,PRD833,Product 833,Home & Garden,7,534.81,0.14,0.08,19.9,3497.02,PayPal,Cancelled,6834 Main St,City23,NY,25692,USA
ORD100019,CUST1570,Customer 1570,customer1570@example.com,+1-555-9397,2023-10-19 03:00:00,PRD527,Product 527,Automotive,9,971.53,0.06,0.08,5.64,8882.32,Bank Transfer,Shipped,9582 Main St,City10,PA,83393,USA
ORD100020,CUST4024,Customer 4024,customer4024@example.com,+1-555-3891,2023-06-10 07:00:00,PRD510,Product 510,Home & Garden,6,394.51,0.15,0.08,13.21,2186.17,Bank Transfer,Cancelled,2274 Main St,City20,GA,30296,USA
ORD100021,CUST2574,Customer 2574,customer2574@example.com,+1-555-7937,2023-01-30 12:00:00,PRD474,Product 474,Automotive,7,101.64,0.27,0.08,7.76,568.69,Cash on Delivery,Delivered,5314 Main St,City13,MI,39469,USA
ORD100022,CUST6414,Customer 6414,customer6414@example.com,+1-555-4970,2023-06-09 17:00:00,PRD170,Product 170,Health,7,671.0,0.03,0.08,24.36,4944.94,Bank Transfer,Shipped,2533 Main St,City23,FL,69120,USA
ORD100023,CUST2963,Customer 2963,customer2963@example.com,+1-555-5334,2023-09-26 07:00:00,PRD514,Product 514,Toys,5,157.91,0.16,0.08,6.85,723.13,Credit Card,Processing,8780 Main St,City56,MI,71595,USA
ORD100024,CUST9493,Customer 9493,customer9493@example.com,+1-555-2395,2023-07-17 04:00:00,PRD229,Product 229,Health,6,308.13,0.1,0.08,21.25,1818.26,Credit Card,Pending,2257 Main St,City39,GA,97202,USA
ORD100025,CUST1278,Customer 1278,customer1278@example.com,+1-555-2084,2023-01-06 00:00:00,PRD155,Product 155,Toys,2,35.52,0.15,0.08,16.38,81.59,Cash on Delivery,Pending,777 Main St,City56,FL,95926,USA
ORD100026,CUST2614,Customer 2614,customer2614@example.com,+1-555-5008,2023-11-24 20:00:00,PRD681,Product 681,Electronics,1,461.92,0.04,0.08,11.15,490.07,Bank Transfer,Processing,2297 Main St,City77,OH,12631,USA
ORD100027,CUST6184,Customer 6184,customer6184@example.com,+1-555-6910,2023-09-18 03:00:00,PRD801,Product 801,Electronics,5,622.01,0.07,0.08,8.25,3131.98,Debit Card,Processing,7760 Main St,City18,FL,46294,USA
ORD100028,CUST8751,Customer 8751,customer8751@example.com,+1-555-6480,2023-01-12 01:00:00,PRD717,Product 717,Health,5,621.54,0.26,0.08,19.33,2503.0,Debit Card,Processing,6739 Main St,City76,NY,65193,USA
ORD100029,CUST6977,Customer 6977,customer6977@example.com,+1-555-6834,2023-01-26 22:00:00,PRD646,Product 646,Books,5,650.97,0.22,0.08,22.69,2764.58,PayPal,Shipped,7807 Main St,City98,GA,84586,USA
ORD100030,CUST7917,Customer 7917,customer7917@example.com,+1-555-1094,2023-09-25 08:00:00,PRD237,Product 237,Clothing,9,962.33,0.21,0.08,11.3,7400.84,Bank Transfer,Delivered,1849 Main St,City25,CA,87963,USA
ORD100031,CUST6830,Customer 6830,customer6830@example.com,+1-555-7463,2023-01-28 22:00:00,PRD649,Product 649,Automotive,1,248.59,0.11,0.08,20.9,259.84,Debit Card,Processing,5657 Main St,City86,IL,39630,USA
ORD100032,CUST1221,Customer 1221,customer1221@example.com,+1-555-7363,2023-10-23 04:00:00,PRD345,Product 345,Automotive,5,906.44,0.17,0.08,20.81,4083.47,Bank Transfer,Delivered,2309 Main St,City37,NY,68806,USA
ORD100033,CUST3491,Customer 3491,customer3491@example.com,+1-555-9992,2023-10-12 23:00:00,PRD288,Product 288,Home & Garden,10,70.04,0.24,0.08,16.09,590.98,Cash on Delivery,Cancelled,8551 Main St,City3,FL,76276,USA
ORD100034,CUST1972,Customer 1972,customer1972@example.com,+1-555-2061,2023-04-09 22:00:00,PRD410,Product 410,Automotive,7,70.26,0.11,0.08,23.76,496.5,Credit Card,Processing,1844 Main St,City75,PA,75777,USA
ORD100035,CUST3786,Customer 3786,customer3786@example.com,+1-555-4683,2023-07-03 16:00:00,PRD473,Product 473,Toys,10,751.84,0.26,0.08,17.97,6026.68,Bank Transfer,Pending,8685 Main St,City63,TX,81728,USA
ORD100036,CUST9883,Customer 9883,customer9883@example.com,+1-555-2405,2023-11-22 03:00:00,PRD788,Product 788,Electronics,4,669.66,0.02,0.08,12.64,2847.71,PayPal,Pending,3590 Main St,City90,NC,29150,USA
ORD100037,CUST2985,Customer 2985,customer2985@example.com,+1-555-8375,2023-09-23 07:00:00,PRD841,Product 841,Automotive,9,775.6,0.17,0.08,14.73,6271.96,Cash on Delivery,Cancelled,4660 Main St,City97,IL,15932,USA
ORD100038,CUST5740,Customer 5740,customer5740@example.com,+1-555-9477,2023-12-15 11:00:00,PRD269,Product 269,Toys,3,868.22,0.02,0.08,17.32,2774.09,PayPal,Cancelled,7590 Main St,City38,NC,97157,USA
ORD100039,CUST1650,Customer 1650,customer1650@example.com,+1-555-7982,2023-06-05 22:00:00,PRD160,Product 160,Clothing,7,97.17,0.29,0.08,5.18,526.75,Bank Transfer,Processing,9445 Main St,City14,NY,31395,USA
ORD100040,CUST6766,Customer 6766,customer6766@example.com,+1-555-8706,2023-01-20 09:00:00,PRD709,Product 709,Automotive,8,415.96,0.3,0.08,14.03,2529.76,Bank Transfer,Pending,5970 Main St,City79,MI,47048,USA
ORD100041,CUST3604,Customer 3604,customer3604@example.com,+1-555-5536,2023-12-12 03:00:00,PRD689,Product 689,Toys,2,161.89,0.1,0.08,5.11,319.82,PayPal,Cancelled,5450 Main St,City11,NC,87487,USA
ORD100042,CUST8202,Customer 8202,customer8202@example.com,+1-555-4393,2023-12-02 05:00:00,PRD598,Product 598,Electronics,7,938.84,0.27,0.08,10.14,5191.41,PayPal,Cancelled,6308 Main St,City89,GA,55820,USA
ORD100043,CUST6687,Customer 6687,customer6687@example.com,+1-555-2666,2023-01-27 19:00:00,PRD731,Product 731,Electronics,6,354.6,0.02,0.08,24.08,2275.93,Bank Transfer,Cancelled,7845 Main St,City62,GA,43348,USA
ORD100044,CUST3093,Customer 3093,customer3093@example.com,+1-555-1492,2023-04-12 07:00:00,PRD410,Product 410,Sports,4,166.48,0.21,0.08,5.61,573.77,Debit Card,Processing,5733 Main St,City71,MI,35797,USA
ORD100045,CUST6224,Customer 6224,customer6224@example.com,+1-555-2642,2023-10-03 18:00:00,PRD640,Product 640,Health,7,295.01,0.01,0.08,9.25,2217.22,Bank Transfer,Pending,6762 Main St,City66,MI,29535,USA
ORD100046,CUST2669,Customer 2669,customer2669@example.com,+1-555-2393,2023-05-19 07:00:00,PRD681,Product 681,Automotive,4,651.89,0.17,0.08,11.57,2348.99,Debit Card,Processing,8119 Main St,City45,TX,39627,USA
ORD100047,CUST2867,Customer 2867,customer2867@example.com,+1-555-4593,2023-11-26 14:00:00,PRD109,Product 109,Books,4,561.24,0.02,0.08,11.27,2387.34,Debit Card,Shipped,1083 Main St,City10,OH,50139,USA
ORD100048,CUST7226,Customer 7226,customer7226@example.com,+1-555-6901,2023-11-26 09:00:00,PRD469,Product 469,Electronics,8,781.83,0.22,0.08,7.92,5276.83,Bank Transfer,Shipped,2953 Main St,City51,IL,79791,USA
ORD100049,CUST4252,Customer 4252,customer4252@example.com,+1-555-3841,2023-05-02 20:00:00,PRD473,Product 473,Electronics,8,492.96,0.24,0.08,21.75,3258.72,Bank Transfer,Delivered,2852 Main St,City77,GA,12354,USA
ORD100050,CUST4796,Customer 4796,customer4796@example.com,+1-555-3597,2023-03-19 19:00:00,PRD158,Product 158,Automotive,8,51.09,0.25,0.08,6.78,337.84,Credit Card,Delivered,6274 Main St,City92,IL,44790,USA
ORD100051,CUST2337,Customer 2337,customer2337@example.com,+1-555-6970,2023-11-23 05:00:00,PRD302,Product 302,Books,7,899.69,0.04,0.08,21.03,6550.62,Bank Transfer,Pending,4174 Main St,City35,GA,60204,USA
ORD100052,CUST8114,Customer 8114,customer8114@example.com,+1-555-9423,2023-07-03 06:00:00,PRD287,Product 287,Sports,8,723.18,0.22,0.08,7.58,4881.23,Bank Transfer,Pending,1487 Main St,City23,NY,52720,USA
ORD100053,CUST5665,Customer 5665,customer5665@example.com,+1-555-2707,2023-08-21 22:00:00,PRD974,Product 974,Health,6,887.23,0.29,0.08,24.68,4106.65,PayPal,Shipped,3044 Main St,City42,IL,32491,USA
ORD100054,CUST5137,Customer 5137,customer5137@example.com,+1-555-2205,2023-11-13 21:00:00,PRD603,Product 603,Electronics,10,685.39,0.03,0.08,21.86,7202.01,Bank Transfer,Processing,1728 Main St,City42,IL,48867,USA
ORD100055,CUST6385,Customer 6385,customer6385@example.com,+1-555-3093,2023-09-15 08:00:00,PRD563,Product 563,Sports,4,830.88,0.23,0.08,7.29,2771.13,PayPal,Shipped,1187 Main St,City52,IL,68607,USA
ORD100056,CUST4728,Customer 4728,customer4728@example.com,+1-555-9593,2023-10-23 11:00:00,PRD878,Product 878,Electronics,9,946.65,0.05,0.08,7.3,8748.67,Cash on Delivery,Pending,4908 Main St,City73,PA,37674,USA
ORD100057,CUST1544,Customer 1544,customer1544@example.com,+1-555-1518,2023-11-08 19:00:00,PRD490,Product 490,Sports,10,830.15,0.08,0.08,24.49,8272.86,Credit Card,Delivered,7207 Main St,City91,OH,96663,USA
ORD100058,CUST5217,Customer 5217,customer5217@example.com,+1-555-2270,2023-11-28 22:00:00,PRD885,Product 885,Automotive,1,676.94,0.15,0.08,21.84,643.27,PayPal,Shipped,3905 Main St,City4,MI,78098,USA
ORD100059,CUST5546,Customer 5546,customer5546@example.com,+1-555-1706,2023-01-04 13:00:00,PRD535,Product 535,Toys,10,951.26,0.02,0.08,13.6,10081.74,Bank Transfer,Delivered,5623 Main St,City8,TX,91780,USA
ORD100060,CUST9702,Customer 9702,customer9702@example.com,+1-555-3075,2023-02-07 17:00:00,PRD826,Product 826,Clothing,5,815.42,0.06,0.08,16.85,4155.92,Debit Card,Cancelled,4162 Main St,City80,IL,53318,USA
ORD100061,CUST2743,Customer 2743,customer2743@example.com,+1-555-1253,2023-12-12 09:00:00,PRD702,Product 702,Electronics,1,439.44,0.28,0.08,22.44,364.15,Bank Transfer,Pending,2280 Main St,City21,FL,62826,USA
ORD100062,CUST2438,Customer 2438,customer2438@example.com,+1-555-1558,2023-06-05 02:00:00,PRD333,Product 333,Clothing,1,224.1,0.2,0.08,6.15,199.77,Bank Transfer,Pending,2776 Main St,City44,OH,19820,USA
ORD100063,CUST4742,Customer 4742,customer4742@example.com,+1-555-9952,2023-05-31 20:00:00,PRD838,Product 838,Books,7,894.13,0.14,0.08,17.0,5830.28,Debit Card,Shipped,4281 Main St,City7,NY,42224,USA
ORD100064,CUST1206,Customer 1206,customer1206@example.com,+1-555-1652,2023-10-09 07:00:00,PRD551,Product 551,Clothing,1,254.89,0.25,0.08,19.15,225.61,Bank Transfer,Pending,1044 Main St,City96,NY,50800,USA
ORD100065,CUST9351,Customer 9351,customer9351@example.com,+1-555-5200,2023-03-17 09:00:00,PRD778,Product 778,Automotive,6,185.58,0.02,0.08,8.17,1186.68,Bank Transfer,Cancelled,8038 Main St,City93,OH,55874,USA
ORD100066,CUST8037,Customer 8037,customer8037@example.com,+1-555-9001,2023-06-26 09:00:00,PRD539,Product 539,Health,8,832.81,0.14,0.08,17.08,6205.19,Debit Card,Pending,7279 Main St,City47,PA,52256,USA
ORD100067,CUST4906,Customer 4906,customer4906@example.com,+1-555-2135,2023-02-03 01:00:00,PRD306,Product 306,Electronics,1,857.96,0.25,0.08,9.7,704.65,Debit Card,Cancelled,4208 Main St,City47,NC,80459,USA
ORD100068,CUST2808,Customer 2808,customer2808@example.com,+1-555-5669,2023-09-02 01:00:00,PRD297,Product 297,Health,10,395.75,0.29,0.08,10.38,3044.99,Credit Card,Processing,8966 Main St,City31,GA,79737,USA
ORD100069,CUST6942,Customer 6942,customer6942@example.com,+1-555-4343,2023-11-11 18:00:00,PRD413,Product 413,Toys,4,883.0,0.24,0.08,5.64,2904.71,PayPal,Processing,2800 Main St,City28,CA,61120,USA
ORD100070,CUST2913,Customer 2913,customer2913@example.com,+1-555-5030,2023-03-12 16:00:00,PRD576,Product 576,Electronics,1,789.87,0.23,0.08,24.44,681.3,Debit Card,Shipped,9125 Main St,City96,MI,58144,USA
ORD100071,CUST7881,Customer 7881,customer7881@example.com,+1-555-2083,2023-09-05 05:00:00,PRD732,Product 732,Automotive,1,369.66,0.15,0.08,19.75,359.1,Cash on Delivery,Pending,6842 Main St,City11,IL,33243,USA
ORD100072,CUST1925,Customer 1925,customer1925@example.com,+1-555-5762,2023-06-26 11:00:00,PRD136,Product 136,Books,8,198.93,0.15,0.08,9.26,1470.2,Bank Transfer,Pending,4444 Main St,City1,GA,70547,USA
ORD100073,CUST3381,Customer 3381,customer3381@example.com,+1-555-2933,2023-11-29 04:00:00,PRD225,Product 225,Health,5,728.29,0.22,0.08,22.5,3090.06,Debit Card,Pending,6401 Main St,City31,OH,89047,USA
ORD100074,CUST7477,Customer 7477,customer7477@example.com,+1-555-1349,2023-04-11 21:00:00,PRD568,Product 568,Electronics,6,153.88,0.13,0.08,13.74,881.25,PayPal,Shipped,6759 Main St,City7,IL,47615,USA
ORD100075,CUST3447,Customer 3447,customer3447@example.com,+1-555-7996,2023-03-10 11:00:00,PRD567,Product 567,Clothing,6,704.19,0.13,0.08,14.39,3984.33,Credit Card,Processing,5853 Main St,City88,IL,17978,USA
ORD100076,CUST7257,Customer 7257,customer7257@example.com,+1-555-4554,2023-01-10 23:00:00,PRD358,Product 358,Toys,5,541.35,0.08,0.08,10.19,2699.62,Debit Card,Shipped,8244 Main St,City33,CA,20044,USA
ORD100077,CUST6013,Customer 6013,customer6013@example.com,+1-555-6810,2023-05-04 02:00:00,PRD484,Product 484,Sports,7,352.14,0.3,0.08,23.86,1887.38,Bank Transfer,Delivered,5247 Main St,City52,GA,72028,USA
ORD100078,CUST8068,Customer 8068,customer8068@example.com,+1-555-8456,2023-01-10 13:00:00,PRD391,Product 391,Clothing,1,469.41,0.17,0.08,19.04,439.82,Credit Card,Shipped,9145 Main St,City4,PA,14448,USA
ORD100079,CUST1364,Customer 1364,customer1364@example.com,+1-555-7000,2023-11-06 21:00:00,PRD875,Product 875,Toys,3,392.97,0.29,0.08,21.85,925.84,Debit Card,Pending,918 Main St,City48,CA,42176,USA
ORD100080,CUST6455,Customer 6455,customer6455@example.com,+1-555-3676,2023-02-10 10:00:00,PRD270,Product 270,Books,6,456.37,0.13,0.08,16.69,2589.52,Cash on Delivery,Shipped,3303 Main St,City47,CA,36567,USA
ORD100081,CUST9962,Customer 9962,customer9962@example.com,+1-555-1224,2023-08-11 01:00:00,PRD304,Product 304,Toys,8,423.97,0.11,0.08,11.2,3271.36,PayPal,Pending,3101 Main St,City28,OH,28426,USA
ORD100082,CUST5720,Customer 5720,customer5720@example.com,+1-555-2740,2023-09-28 00:00:00,PRD910,Product 910,Toys,7,375.6,0.02,0.08,23.69,2806.44,Credit Card,Cancelled,5199 Main St,City20,MI,85629,USA
ORD100083,CUST5281,Customer 5281,customer5281@example.com,+1-555-2371,2023-04-04 07:00:00,PRD907,Product 907,Electronics,2,359.51,0.16,0.08,22.58,674.87,PayPal,Pending,3753 Main St,City50,TX,57725,USA
ORD100084,CUST6190,Customer 6190,customer6190@example.com,+1-555-7406,2023-02-20 20:00:00,PRD874,Product 874,Electronics,4,409.58,0.28,0.08,23.83,1297.79,Cash on Delivery,Processing,3505 Main St,City93,TX,33934,USA
ORD100085,CUST8492,Customer 8492,customer8492@example.com,+1-555-9915,2023-03-29 07:00:00,PRD369,Product 369,Automotive,9,254.59,0.11,0.08,5.28,2207.69,Debit Card,Processing,1410 Main St,City8,GA,27618,USA
ORD100086,CUST3496,Customer 3496,customer3496@example.com,+1-555-2941,2023-07-06 11:00:00,PRD321,Product 321,Electronics,9,648.93,0.26,0.08,11.14,4678.76,PayPal,Processing,5753 Main St,City83,MI,30488,USA
ORD100087,CUST8674,Customer 8674,customer8674@example.com,+1-555-5842,2023-06-19 16:00:00,PRD169,Product 169,Electronics,10,586.55,0.23,0.08,21.09,4898.84,Cash on Delivery,Pending,5361 Main St,City23,CA,55091,USA
ORD100088,CUST9069,Customer 9069,customer9069@example.com,+1-555-8973,2023-10-18 06:00:00,PRD465,Product 465,Electronics,6,85.64,0.03,0.08,17.24,555.54,Credit Card,Delivered,7405 Main St,City30,PA,92904,USA
ORD100089,CUST8012,Customer 8012,customer8012@example.com,+1-555-2152,2023-03-29 17:00:00,PRD512,Product 512,Books,6,729.22,0.25,0.08,20.84,3564.85,Bank Transfer,Delivered,3348 Main St,City23,IL,56857,USA
ORD100090,CUST4480,Customer 4480,customer4480@example.com,+1-555-4634,2023-08-09 05:00:00,PRD434,Product 434,Health,6,574.57,0.29,0.08,6.82,2650.3,Debit Card,Delivered,1173 Main St,City50,FL,64158,USA
ORD100091,CUST9576,Customer 9576,customer9576@example.com,+1-555-6241,2023-01-01 05:00:00,PRD278,Product 278,Automotive,6,324.87,0.23,0.08,19.87,1640.84,Credit Card,Processing,5032 Main St,City52,CA,21433,USA
ORD100092,CUST3434,Customer 3434,customer3434@example.com,+1-555-1144,2023-08-05 04:00:00,PRD871,Product 871,Toys,10,104.24,0.0,0.08,14.69,1140.48,Bank Transfer,Delivered,3336 Main St,City36,MI,80102,USA
ORD100093,CUST6164,Customer 6164,customer6164@example.com,+1-555-8621,2023-08-25 06:00:00,PRD670,Product 670,Sports,10,40.25,0.28,0.08,15.31,328.29,Debit Card,Cancelled,6587 Main St,City48,GA,73597,USA
ORD100094,CUST2711,Customer 2711,customer2711@example.com,+1-555-3671,2023-09-14 15:00:00,PRD929,Product 929,Books,10,482.36,0.07,0.08,23.01,4867.83,Debit Card,Shipped,3250 Main St,City3,NY,79734,USA
ORD100095,CUST5441,Customer 5441,customer5441@example.com,+1-555-9231,2023-01-16 15:00:00,PRD756,Product 756,Electronics,9,242.57,0.13,0.08,10.63,2061.9,Bank Transfer,Cancelled,7388 Main St,City35,MI,17197,USA
ORD100096,CUST4194,Customer 4194,customer4194@example.com,+1-555-9765,2023-08-02 02:00:00,PRD536,Product 536,Automotive,4,710.59,0.06,0.08,8.05,2893.61,PayPal,Processing,5596 Main St,City42,NC,66027,USA
ORD100097,CUST5262,Customer 5262,customer5262@example.com,+1-555-8802,2023-10-09 18:00:00,PRD572,Product 572,Clothing,4,888.57,0.05,0.08,14.4,3661.09,Debit Card,Processing,1248 Main St,City70,OH,24529,USA
ORD100098,CUST7171,Customer 7171,customer7171@example.com,+1-555-2863,2023-08-23 19:00:00,PRD940,Product 940,Health,2,900.03,0.08,0.08,24.8,1813.34,Debit Card,Cancelled,7539 Main St,City50,NC,56626,USA
ORD100099,CUST7634,Customer 7634,customer7634@example.com,+1-555-2155,2023-08-13 05:00:00,PRD949,Product 949,Home & Garden,3,893.94,0.28,0.08,19.63,2105.01,Cash on Delivery,Shipped,6299 Main St,City44,NY,20954,USA
ORD100100,CUST6525,Customer 6525,customer6525@example.com,+1-555-4559,2023-12-27 05:00:00,PRD121,Product 121,Sports,5,95.56,0.08,0.08,8.78,483.52,PayPal,Pending,2992 Main St,City2,CA,76140,USA
ORD100101,CUST8212,Customer 8212,customer8212@example.com,+1-555-6080,2023-02-09 01:00:00,PRD406,Product 406,Toys,9,844.85,0.18,0.08,10.46,6744.25,Credit Card,Delivered,2065 Main St,City100,MI,44443,USA
ORD100102,CUST7455,Customer 7455,customer7455@example.com,+1-555-2566,2023-01-30 16:00:00,PRD304,Product 304,Clothing,4,822.55,0.15,0.08,23.33,3043.73,Cash on Delivery,Pending,2228 Main St,City55,MI,61885,USA
ORD100103,CUST7429,Customer 7429,customer7429@example.com,+1-555-9120,2023-03-27 14:00:00,PRD137,Product 137,Sports,5,760.71,0.27,0.08,10.41,3009.13,Debit Card,Processing,1900 Main St,City8,GA,72360,USA
ORD100104,CUST6109,Customer 6109,customer6109@example.com,+1-555-3548,2023-09-17 12:00:00,PRD461,Product 461,Health,8,849.15,0.17,0.08,16.31,6105.73,Bank Transfer,Processing,2467 Main St,City69,NY,13527,USA
ORD100105,CUST9852,Customer 9852,customer9852@example.com,+1-555-1436,2023-06-23 06:00:00,PRD711,Product 711,Automotive,7,692.41,0.22,0.08,14.29,4097.29,Debit Card,Cancelled,9359 Main St,City6,NY,75836,USA
ORD100106,CUST9357,Customer 9357,customer9357@example.com,+1-555-6674,2023-03-07 10:00:00,PRD889,Product 889,Toys,4,737.77,0.22,0.08,14.7,2500.69,Debit Card,Cancelled,1982 Main St,City73,NC,32566,USA
ORD100107,CUST7225,Customer 7225,customer7225@example.com,+1-555-7623,2023-05-17 20:00:00,PRD264,Product 264,Electronics,7,130.09,0.1,0.08,21.87,907.0,Cash on Delivery,Processing,1071 Main St,City75,MI,46706,USA
ORD100108,CUST1990,Customer 1990,customer1990@example.com,+1-555-1791,2023-10-16 12:00:00,PRD796,Product 796,Health,9,347.84,0.2,0.08,6.67,2711.47,Credit Card,Processing,9386 Main St,City13,TX,86395,USA
ORD100109,CUST8263,Customer 8263,customer8263@example.com,+1-555-3068,2023-05-24 08:00:00,PRD829,Product 829,Sports,4,176.12,0.11,0.08,5.01,682.16,Bank Transfer,Pending,2622 Main St,City14,FL,13058,USA
ORD100110,CUST3988,Customer 3988,customer3988@example.com,+1-555-7251,2023-03-12 13:00:00,PRD255,Product 255,Toys,2,879.23,0.27,0.08,19.62,1405.99,Bank Transfer,Cancelled,6281 Main St,City45,NC,46642,USA
ORD100111,CUST6958,Customer 6958,customer6958@example.com,+1-555-8577,2023-10-09 09:00:00,PRD832,Product 832,Clothing,4,803.33,0.0,0.08,24.37,3494.76,Cash on Delivery,Shipped,2586 Main St,City45,MI,40405,USA
ORD100112,CUST2417,Customer 2417,customer2417@example.com,+1-555-2945,2023-03-05 04:00:00,PRD420,Product 420,Clothing,5,910.0,0.29,0.08,8.86,3497.8,Credit Card,Shipped,1908 Main St,City90,CA,46091,USA
ORD100113,CUST8456,Customer 8456,customer8456@example.com,+1-555-6722,2023-10-25 04:00:00,PRD143,Product 143,Sports,7,127.45,0.14,0.08,16.98,845.61,Cash on Delivery,Processing,8397 Main St,City50,NC,96660,USA
ORD100114,CUST1339,Customer 1339,customer1339@example.com,+1-555-6031,2023-10-04 04:00:00,PRD427,Product 427,Books,6,809.79,0.24,0.08,21.84,4009.89,Debit Card,Delivered,4864 Main St,City26,IL,47765,USA
ORD100115,CUST8744,Customer 8744,customer8744@example.com,+1-555-4044,2023-12-27 10:00:00,PRD663,Product 663,Home & Garden,3,750.4,0.23,0.08,5.07,1877.17,Credit Card,Cancelled,8241 Main St,City52,GA,84699,USA
ORD100116,CUST1244,Customer 1244,customer1244@example.com,+1-555-2912,2023-01-27 10:00:00,PRD668,Product 668,Automotive,8,476.98,0.12,0.08,24.28,3650.85,Bank Transfer,Shipped,9212 Main St,City47,PA,20141,USA
ORD100117,CUST3620,Customer 3620,customer3620@example.com,+1-555-8557,2023-10-22 20:00:00,PRD839,Product 839,Electronics,9,187.32,0.09,0.08,22.81,1679.69,Bank Transfer,Pending,9234 Main St,City85,GA,69778,USA
ORD100118,CUST6696,Customer 6696,customer6696@example.com,+1-555-4753,2023-08-04 03:00:00,PRD355,Product 355,Automotive,5,617.06,0.29,0.08,13.0,2378.81,PayPal,Processing,5743 Main St,City30,PA,40070,USA
ORD100119,CUST9336,Customer 9336,customer9336@example.com,+1-555-6059,2023-01-20 16:00:00,PRD709,Product 709,Toys,8,62.72,0.2,0.08,11.1,444.62,Cash on Delivery,Shipped,9181 Main St,City2,NY,42352,USA
ORD100120,CUST9627,Customer 9627,customer9627@example.com,+1-555-5555,2023-12-15 07:00:00,PRD674,Product 674,Home & Garden,10,731.63,0.12,0.08,22.37,6975.78,Bank Transfer,Pending,2253 Main St,City43,NC,71183,USA
ORD100121,CUST9630,Customer 9630,customer9630@example.com,+1-555-3267,2023-07-26 17:00:00,PRD316,Product 316,Electronics,2,107.51,0.2,0.08,23.26,209.04,Bank Transfer,Shipped,7264 Main St,City71,NY,93060,USA
ORD100122,CUST7041,Customer 7041,customer7041@example.com,+1-555-1893,2023-04-03 11:00:00,PRD490,Product 490,Sports,9,566.8,0.26,0.08,24.12,4101.0,PayPal,Pending,4159 Main St,City32,NC,16210,USA
ORD100123,CUST8489,Customer 8489,customer8489@example.com,+1-555-2875,2023-11-10 03:00:00,PRD467,Product 467,Health,10,519.64,0.18,0.08,10.98,4612.91,Cash on Delivery,Processing,4590 Main St,City67,CA,78666,USA
ORD100124,CUST2446,Customer 2446,customer2446@example.com,+1-555-5968,2023-03-26 19:00:00,PRD231,Product 231,Sports,9,774.87,0.18,0.08,16.02,6192.04,Debit Card,Cancelled,650 Main St,City30,OH,89489,USA
ORD100125,CUST3347,Customer 3347,customer3347@example.com,+1-555-1593,2023-01-04 07:00:00,PRD785,Product 785,Electronics,6,870.15,0.2,0.08,7.49,4518.35,Bank Transfer,Processing,6052 Main St,City10,IL,99961,USA
ORD100126,CUST7289,Customer 7289,customer7289@example.com,+1-555-1005,2023-03-07 01:00:00,PRD879,Product 879,Toys,4,323.56,0.08,0.08,11.97,1297.93,Bank Transfer,Processing,3829 Main St,City57,FL,15535,USA
ORD100127,CUST2466,Customer 2466,customer2466@example.com,+1-555-2053,2023-05-02 04:00:00,PRD323,Product 323,Toys,8,63.6,0.11,0.08,11.53,500.59,PayPal,Pending,3679 Main St,City79,CA,22524,USA
ORD100128,CUST9732,Customer 9732,customer9732@example.com,+1-555-3520,2023-05-18 21:00:00,PRD166,Product 166,Automotive,6,944.3,0.11,0.08,15.13,5461.1,Bank Transfer,Cancelled,8339 Main St,City76,GA,16786,USA
ORD100129,CUST7815,Customer 7815,customer7815@example.com,+1-555-2826,2023-11-10 16:00:00,PRD606,Product 606,Clothing,1,165.46,0.12,0.08,12.54,169.79,PayPal,Shipped,8770 Main St,City6,IL,50366,USA
ORD100130,CUST2013,Customer 2013,customer2013@example.com,+1-555-6494,2023-03-31 09:00:00,PRD169,Product 169,Sports,9,449.17,0.03,0.08,15.12,4250.07,PayPal,Shipped,8442 Main St,City16,NC,81478,USA
ORD100131,CUST9334,Customer 9334,customer9334@example.com,+1-555-4431,2023-08-06 14:00:00,PRD420,Product 420,Sports,5,196.87,0.23,0.08,13.24,831.83,Bank Transfer,Shipped,1387 Main St,City72,NY,33703,USA
ORD100132,CUST7901,Customer 7901,customer7901@example.com,+1-555-9946,2023-03-17 06:00:00,PRD863,Product 863,Sports,5,20.4,0.19,0.08,19.42,108.65,Cash on Delivery,Cancelled,9820 Main St,City28,NY,70880,USA
ORD100133,CUST6426,Customer 6426,customer6426@example.com,+1-555-5811,2023-04-16 21:00:00,PRD801,Product 801,Home & Garden,1,390.74,0.04,0.08,10.57,415.69,Bank Transfer,Processing,5754 Main St,City65,FL,71524,USA
ORD100134,CUST8045,Customer 8045,customer8045@example.com,+1-555-3615,2023-11-24 20:00:00,PRD115,Product 115,Clothing,8,980.61,0.25,0.08,8.7,6363.05,Cash on Delivery,Shipped,3450 Main St,City9,PA,61016,USA
ORD100135,CUST8665,Customer 8665,customer8665@example.com,+1-555-4066,2023-03-28 10:00:00,PRD786,Product 786,Home & Garden,3,756.88,0.15,0.08,9.53,2093.98,Bank Transfer,Cancelled,7521 Main St,City83,NY,64725,USA
ORD100136,CUST6596,Customer 6596,customer6596@example.com,+1-555-1226,2023-04-05 16:00:00,PRD461,Product 461,Automotive,9,900.8,0.18,0.08,6.76,7186.5,Credit Card,Pending,6344 Main St,City75,NC,35192,USA
ORD100137,CUST2499,Customer 2499,customer2499@example.com,+1-555-3315,2023-11-29 23:00:00,PRD335,Product 335,Clothing,10,875.21,0.1,0.08,13.8,8520.84,Debit Card,Shipped,348 Main St,City35,MI,93081,USA
ORD100138,CUST8972,Customer 8972,customer8972@example.com,+1-555-2552,2023-06-16 13:00:00,PRD182,Product 182,Clothing,2,378.12,0.07,0.08,16.5,776.07,PayPal,Shipped,1668 Main St,City50,PA,56524,USA
ORD100139,CUST8869,Customer 8869,customer8869@example.com,+1-555-2988,2023-09-30 02:00:00,PRD369,Product 369,Books,7,557.49,0.09,0.08,7.27,3842.58,PayPal,Processing,1533 Main St,City11,TX,21949,USA
ORD100140,CUST7072,Customer 7072,customer7072@example.com,+1-555-5516,2023-01-06 09:00:00,PRD721,Product 721,Health,8,997.26,0.25,0.08,13.21,6475.45,PayPal,Cancelled,3037 Main St,City58,IL,91705,USA
ORD100141,CUST1209,Customer 1209,customer1209@example.com,+1-555-4830,2023-09-02 07:00:00,PRD458,Product 458,Automotive,4,522.62,0.17,0.08,14.02,1887.93,Cash on Delivery,Delivered,2268 Main St,City18,GA,97849,USA
ORD100142,CUST3602,Customer 3602,customer3602@example.com,+1-555-7627,2023-01-29 18:00:00,PRD412,Product 412,Clothing,6,566.87,0.3,0.08,15.54,2586.86,Debit Card,Cancelled,3525 Main St,City4,CA,24746,USA
ORD100143,CUST4107,Customer 4107,customer4107@example.com,+1-555-5524,2023-07-28 18:00:00,PRD171,Product 171,Books,3,785.78,0.27,0.08,9.28,1867.81,PayPal,Processing,5631 Main St,City35,NY,12310,USA
ORD100144,CUST4734,Customer 4734,customer4734@example.com,+1-555-8491,2023-01-15 20:00:00,PRD895,Product 895,Toys,8,717.24,0.2,0.08,13.42,4970.98,Cash on Delivery,Pending,2221 Main St,City73,NY,76356,USA
ORD100145,CUST6292,Customer 6292,customer6292@example.com,+1-555-2582,2023-02-26 18:00:00,PRD526,Product 526,Toys,4,919.96,0.12,0.08,12.62,3509.94,Bank Transfer,Cancelled,5294 Main St,City25,PA,24046,USA
ORD100146,CUST6767,Customer 6767,customer6767@example.com,+1-555-8939,2023-05-11 00:00:00,PRD445,Product 445,Home & Garden,3,244.48,0.24,0.08,21.56,623.57,Bank Transfer,Pending,8556 Main St,City48,IL,37206,USA
ORD100147,CUST8210,Customer 8210,customer8210@example.com,+1-555-1520,2023-09-05 19:00:00,PRD331,Product 331,Toys,2,580.42,0.06,0.08,8.91,1187.39,Bank Transfer,Pending,6529 Main St,City30,MI,58572,USA
ORD100148,CUST7703,Customer 7703,customer7703@example.com,+1-555-5311,2023-06-27 22:00:00,PRD972,Product 972,Health,7,857.18,0.16,0.08,13.02,5456.46,Cash on Delivery,Pending,6445 Main St,City89,NY,26913,USA
ORD100149,CUST3759,Customer 3759,customer3759@example.com,+1-555-4981,2023-04-09 13:00:00,PRD244,Product 244,Books,5,931.01,0.25,0.08,14.69,3785.28,PayPal,Shipped,1099 Main St,City2,CA,58475,USA
ORD100150,CUST7848,Customer 7848,customer7848@example.com,+1-555-5341,2023-01-06 04:00:00,PRD295,Product 295,Sports,8,740.51,0.11,0.08,16.46,5710.69,Cash on Delivery,Delivered,9648 Main St,City77,NC,89669,USA
ORD100151,CUST5613,Customer 5613,customer5613@example.com,+1-555-3307,2023-11-26 20:00:00,PRD617,Product 617,Automotive,2,483.2,0.25,0.08,7.48,790.26,Bank Transfer,Delivered,9827 Main St,City67,GA,76607,USA
ORD100152,CUST1151,Customer 1151,customer1151@example.com,+1-555-1104,2023-09-17 08:00:00,PRD223,Product 223,Health,6,809.98,0.03,0.08,11.11,5102.32,Cash on Delivery,Shipped,7381 Main St,City34,IL,54679,USA
ORD100153,CUST2733,Customer 2733,customer2733@example.com,+1-555-5164,2023-04-21 22:00:00,PRD299,Product 299,Automotive,6,507.63,0.21,0.08,7.41,2606.07,Cash on Delivery,Shipped,5032 Main St,City11,NC,76804,USA
ORD100154,CUST6855,Customer 6855,customer6855@example.com,+1-555-2589,2023-03-08 13:00:00,PRD397,Product 397,Health,8,299.1,0.28,0.08,23.41,1884.05,PayPal,Delivered,2861 Main St,City8,NC,14709,USA
ORD100155,CUST6413,Customer 6413,customer6413@example.com,+1-555-1983,2023-04-02 10:00:00,PRD683,Product 683,Toys,4,671.31,0.27,0.08,15.11,2132.15,Debit Card,Shipped,1082 Main St,City47,FL,71982,USA
ORD100156,CUST9464,Customer 9464,customer9464@example.com,+1-555-4189,2023-07-23 10:00:00,PRD237,Product 237,Home & Garden,10,700.64,0.03,0.08,6.43,7346.33,Credit Card,Processing,4859 Main St,City67,MI,93472,USA
ORD100157,CUST8221,Customer 8221,customer8221@example.com,+1-555-9591,2023-12-02 11:00:00,PRD310,Product 310,Home & Garden,6,632.34,0.15,0.08,21.89,3504.82,Bank Transfer,Processing,7941 Main St,City58,GA,57613,USA
ORD100158,CUST4250,Customer 4250,customer4250@example.com,+1-555-6908,2023-06-28 07:00:00,PRD939,Product 939,Sports,9,280.27,0.28,0.08,13.23,1974.67,Credit Card,Processing,7753 Main St,City97,OH,40070,USA
ORD100159,CUST2391,Customer 2391,customer2391@example.com,+1-555-2643,2023-07-20 18:00:00,PRD331,Product 331,Home & Garden,7,705.82,0.03,0.08,22.58,5198.5,Debit Card,Delivered,7168 Main St,City30,MI,20132,USA
ORD100160,CUST9598,Customer 9598,customer9598@example.com,+1-555-6782,2023-08-05 19:00:00,PRD807,Product 807,Home & Garden,7,933.1,0.23,0.08,13.32,5445.08,Credit Card,Delivered,7531 Main St,City12,NC,23232,USA
ORD100161,CUST1791,Customer 1791,customer1791@example.com,+1-555-8494,2023-04-24 09:00:00,PRD939,Product 939,Sports,1,334.1,0.15,0.08,15.07,321.77,Credit Card,Shipped,8821 Main St,City72,NC,39436,USA
ORD100162,CUST5234,Customer 5234,customer5234@example.com,+1-555-4427,2023-04-10 00:00:00,PRD489,Product 489,Home & Garden,10,352.97,0.3,0.08,11.36,2679.81,PayPal,Shipped,1441 Main St,City29,NY,79937,USA
ORD100163,CUST1185,Customer 1185,customer1185@example.com,+1-555-2402,2023-09-18 16:00:00,PRD885,Product 885,Home & Garden,2,335.5,0.26,0.08,21.75,558.01,Debit Card,Delivered,8660 Main St,City31,PA,90351,USA
ORD100164,CUST6084,Customer 6084,customer6084@example.com,+1-555-1142,2023-04-17 23:00:00,PRD992,Product 992,Home & Garden,8,715.83,0.03,0.08,17.62,6016.85,Credit Card,Pending,2545 Main St,City84,MI,36356,USA
ORD100165,CUST9939,Customer 9939,customer9939@example.com,+1-555-1683,2023-02-21 04:00:00,PRD206,Product 206,Home & Garden,9,657.59,0.24,0.08,11.68,4869.43,PayPal,Processing,9672 Main St,City54,FL,28863,USA
ORD100166,CUST2289,Customer 2289,customer2289@example.com,+1-555-6814,2023-08-20 22:00:00,PRD476,Product 476,Books,7,649.63,0.02,0.08,17.17,4830.15,Cash on Delivery,Pending,6969 Main St,City30,MI,69616,USA
ORD100167,CUST2756,Customer 2756,customer2756@example.com,+1-555-9583,2023-10-07 23:00:00,PRD909,Product 909,Electronics,5,524.08,0.24,0.08,16.56,2167.38,PayPal,Pending,5095 Main St,City54,CA,46547,USA
ORD100168,CUST4665,Customer 4665,customer4665@example.com,+1-555-8215,2023-02-18 02:00:00,PRD642,Product 642,Home & Garden,9,519.67,0.11,0.08,22.89,4518.45,Bank Transfer,Delivered,6574 Main St,City98,PA,33481,USA
ORD100169,CUST2105,Customer 2105,customer2105@example.com,+1-555-5161,2023-06-11 04:00:00,PRD957,Product 957,Books,4,296.48,0.29,0.08,16.09,925.45,Debit Card,Shipped,1929 Main St,City66,PA,89717,USA
ORD100170,CUST9727,Customer 9727,customer9727@example.com,+1-555-7675,2023-11-15 06:00:00,PRD323,Product 323,Health,5,715.53,0.23,0.08,12.01,2987.18,Bank Transfer,Cancelled,4440 Main St,City62,IL,12938,USA
ORD100171,CUST9114,Customer 9114,customer9114@example.com,+1-555-6058,2023-06-02 05:00:00,PRD303,Product 303,Toys,4,614.81,0.05,0.08,24.64,2547.82,Cash on Delivery,Delivered,355 Main St,City79,CA,54200,USA
ORD100172,CUST2385,Customer 2385,customer2385@example.com,+1-555-1941,2023-07-03 21:00:00,PRD131,Product 131,Books,7,990.82,0.03,0.08,5.3,7271.18,PayPal,Shipped,8513 Main St,City40,TX,55002,USA
ORD100173,CUST7902,Customer 7902,customer7902@example.com,+1-555-4232,2023-02-17 15:00:00,PRD992,Product 992,Sports,4,960.69,0.13,0.08,18.21,3628.87,Debit Card,Cancelled,6064 Main St,City61,PA,79488,USA
ORD100174,CUST2362,Customer 2362,customer2362@example.com,+1-555-2487,2023-06-13 06:00:00,PRD814,Product 814,Electronics,6,685.79,0.28,0.08,12.25,3211.87,Bank Transfer,Shipped,8099 Main St,City30,TX,93257,USA
ORD100175,CUST1854,Customer 1854,customer1854@example.com,+1-555-5624,2023-07-01 15:00:00,PRD949,Product 949,Electronics,2,650.12,0.1,0.08,7.45,1271.28,Debit Card,Processing,8856 Main St,City82,GA,89727,USA
ORD100176,CUST9324,Customer 9324,customer9324@example.com,+1-555-6301,2023-06-24 21:00:00,PRD829,Product 829,Sports,2,310.02,0.0,0.08,15.71,685.35,Credit Card,Processing,9264 Main St,City13,PA,92755,USA
ORD100177,CUST4031,Customer 4031,customer4031@example.com,+1-555-4841,2023-04-09 08:00:00,PRD153,Product 153,Electronics,9,77.98,0.18,0.08,14.44,635.97,Debit Card,Processing,1273 Main St,City55,CA,13492,USA
ORD100178,CUST8368,Customer 8368,customer8368@example.com,+1-555-4081,2023-12-19 23:00:00,PRD359,Product 359,Electronics,6,321.59,0.05,0.08,18.42,1998.13,PayPal,Delivered,1700 Main St,City63,FL,73459,USA
ORD100179,CUST4372,Customer 4372,customer4372@example.com,+1-555-8109,2023-06-06 19:00:00,PRD735,Product 735,Automotive,6,705.53,0.2,0.08,12.22,3669.69,Cash on Delivery,Delivered,585 Main St,City93,NC,17142,USA
ORD100180,CUST1072,Customer 1072,customer1072@example.com,+1-555-2808,2023-12-22 00:00:00,PRD879,Product 879,Automotive,5,564.69,0.2,0.08,18.75,2458.21,Cash on Delivery,Delivered,8499 Main St,City87,MI,51245,USA
ORD100181,CUST8197,Customer 8197,customer8197@example.com,+1-555-6336,2023-12-14 05:00:00,PRD765,Product 765,Toys,8,916.28,0.08,0.08,19.59,7302.92,Debit Card,Cancelled,3271 Main St,City3,TX,48767,USA
ORD100182,CUST2976,Customer 2976,customer2976@example.com,+1-555-9345,2023-12-08 16:00:00,PRD938,Product 938,Home & Garden,6,828.79,0.15,0.08,9.09,4574.07,PayPal,Delivered,1357 Main St,City82,TX,39481,USA
ORD100183,CUST1371,Customer 1371,customer1371@example.com,+1-555-2605,2023-01-20 11:00:00,PRD453,Product 453,Clothing,1,79.89,0.14,0.08,18.67,92.87,Debit Card,Shipped,4859 Main St,City14,IL,14372,USA
ORD100184,CUST3821,Customer 3821,customer3821@example.com,+1-555-2247,2023-07-29 16:00:00,PRD246,Product 246,Health,7,431.34,0.09,0.08,17.93,2985.38,Credit Card,Cancelled,8062 Main St,City19,OH,11232,USA
ORD100185,CUST8309,Customer 8309,customer8309@example.com,+1-555-2710,2023-02-13 13:00:00,PRD364,Product 364,Clothing,8,813.61,0.07,0.08,20.37,6557.89,Bank Transfer,Shipped,1757 Main St,City84,NC,17066,USA
ORD100186,CUST8319,Customer 8319,customer8319@example.com,+1-555-7501,2023-02-04 18:00:00,PRD658,Product 658,Books,6,589.76,0.17,0.08,20.7,3192.67,Debit Card,Shipped,3036 Main St,City20,MI,73154,USA
ORD100187,CUST8958,Customer 8958,customer8958@example.com,+1-555-6282,2023-02-28 01:00:00,PRD902,Product 902,Sports,2,364.88,0.07,0.08,15.8,748.77,Cash on Delivery,Delivered,5237 Main St,City36,OH,16724,USA
ORD100188,CUST7856,Customer 7856,customer7856@example.com,+1-555-5117,2023-03-18 06:00:00,PRD606,Product 606,Electronics,8,113.07,0.02,0.08,10.02,967.41,Debit Card,Cancelled,4148 Main St,City100,OH,98766,USA
ORD100189,CUST6786,Customer 6786,customer6786@example.com,+1-555-5096,2023-05-20 22:00:00,PRD748,Product 748,Home & Garden,3,849.07,0.28,0.08,23.58,2004.29,PayPal,Shipped,2577 Main St,City50,TX,14817,USA
ORD100190,CUST2497,Customer 2497,customer2497@example.com,+1-555-9007,2023-07-21 22:00:00,PRD978,Product 978,Toys,1,633.86,0.18,0.08,22.96,584.31,Bank Transfer,Cancelled,98 Main St,City7,CA,30236,USA
ORD100191,CUST7132,Customer 7132,customer7132@example.com,+1-555-6847,2023-01-03 03:00:00,PRD579,Product 579,Toys,6,728.43,0.07,0.08,13.93,4403.74,Debit Card,Shipped,3668 Main St,City58,PA,86743,USA
ORD100192,CUST5125,Customer 5125,customer5125@example.com,+1-555-1861,2023-05-06 14:00:00,PRD966,Product 966,Books,4,361.52,0.16,0.08,22.29,1334.17,Cash on Delivery,Cancelled,9942 Main St,City19,FL,48426,USA
ORD100193,CUST4293,Customer 4293,customer4293@example.com,+1-555-5948,2023-09-18 08:00:00,PRD628,Product 628,Toys,8,985.5,0.0,0.08,8.93,8523.65,Bank Transfer,Processing,6750 Main St,City54,CA,13063,USA
ORD100194,CUST9297,Customer 9297,customer9297@example.com,+1-555-6400,2023-01-15 08:00:00,PRD307,Product 307,Toys,7,31.16,0.22,0.08,14.5,198.24,Debit Card,Cancelled,8375 Main St,City68,TX,16422,USA
ORD100195,CUST2871,Customer 2871,customer2871@example.com,+1-555-9441,2023-09-11 08:00:00,PRD373,Product 373,Books,1,842.61,0.01,0.08,19.34,920.26,PayPal,Cancelled,1153 Main St,City55,NC,43329,USA
ORD100196,CUST8134,Customer 8134,customer8134@example.com,+1-555-7896,2023-05-12 10:00:00,PRD720,Product 720,Sports,2,465.71,0.18,0.08,15.85,840.72,Credit Card,Cancelled,599 Main St,City76,CA,20791,USA
ORD100197,CUST8582,Customer 8582,customer8582@example.com,+1-555-3090,2023-10-14 04:00:00,PRD560,Product 560,Books,10,124.83,0.12,0.08,5.08,1191.46,Cash on Delivery,Cancelled,9620 Main St,City94,NY,88452,USA
ORD100198,CUST1225,Customer 1225,customer1225@example.com,+1-555-3962,2023-10-20 18:00:00,PRD372,Product 372,Electronics,5,140.13,0.0,0.08,8.02,764.72,Credit Card,Pending,9615 Main St,City76,GA,93172,USA
ORD100199,CUST2340,Customer 2340,customer2340@example.com,+1-555-7748,2023-05-05 13:00:00,PRD928,Product 928,Electronics,8,520.29,0.29,0.08,6.49,3198.16,PayPal,Pending,209 Main St,City37,NY,79509,USA
ORD100200,CUST7447,Customer 7447,customer7447@example.com,+1-555-9350,2023-04-02 02:00:00,PRD475,Product 475,Books,1,557.48,0.06,0.08,7.34,573.29,Debit Card,Pending,4458 Main St,City88,MI,37217,USA
ORD100201,CUST4305,Customer 4305,customer4305@example.com,+1-555-5076,2023-06-28 17:00:00,PRD499,Product 499,Toys,7,509.32,0.09,0.08,20.93,3524.85,Cash on Delivery,Cancelled,8840 Main St,City35,MI,90178,USA
ORD100202,CUST4546,Customer 4546,customer4546@example.com,+1-555-5802,2023-07-03 23:00:00,PRD880,Product 880,Electronics,7,92.23,0.3,0.08,21.08,509.16,PayPal,Processing,2017 Main St,City92,TX,31812,USA
ORD100203,CUST4220,Customer 4220,customer4220@example.com,+1-555-7588,2023-03-14 03:00:00,PRD379,Product 379,Books,1,125.69,0.28,0.08,8.31,106.05,Bank Transfer,Delivered,8194 Main St,City16,TX,38015,USA
ORD100204,CUST5040,Customer 5040,customer5040@example.com,+1-555-3213,2023-01-26 03:00:00,PRD259,Product 259,Books,3,451.45,0.08,0.08,5.25,1350.93,Credit Card,Delivered,3765 Main St,City68,OH,42346,USA
ORD100205,CUST2183,Customer 2183,customer2183@example.com,+1-555-6970,2023-08-26 04:00:00,PRD635,Product 635,Clothing,1,114.68,0.02,0.08,8.0,129.38,Cash on Delivery,Delivered,5160 Main St,City43,PA,74394,USA
ORD100206,CUST1103,Customer 1103,customer1103@example.com,+1-555-6964,2023-01-23 23:00:00,PRD662,Product 662,Sports,4,449.47,0.16,0.08,6.73,1637.77,Debit Card,Cancelled,1761 Main St,City87,IL,34891,USA
ORD100207,CUST1150,Customer 1150,customer1150@example.com,+1-555-2571,2023-08-01 12:00:00,PRD139,Product 139,Books,9,61.76,0.08,0.08,7.43,559.71,Bank Transfer,Processing,560 Main St,City73,IL,73397,USA
ORD100208,CUST5440,Customer 5440,customer5440@example.com,+1-555-1551,2023-07-28 22:00:00,PRD159,Product 159,Automotive,4,746.01,0.15,0.08,11.84,2751.19,PayPal,Cancelled,7697 Main St,City47,IL,12895,USA
ORD100209,CUST5420,Customer 5420,customer5420@example.com,+1-555-8952,2023-06-09 09:00:00,PRD438,Product 438,Home & Garden,1,897.24,0.25,0.08,5.67,732.43,Bank Transfer,Cancelled,9416 Main St,City1,TX,26040,USA
ORD100210,CUST4683,Customer 4683,customer4683@example.com,+1-555-9078,2023-06-01 01:00:00,PRD874,Product 874,Automotive,7,426.81,0.18,0.08,7.82,2653.7,PayPal,Cancelled,1325 Main St,City86,GA,49907,USA
ORD100211,CUST6801,Customer 6801,customer6801@example.com,+1-555-1361,2023-04-12 05:00:00,PRD703,Product 703,Home & Garden,3,384.7,0.23,0.08,9.05,968.8,PayPal,Cancelled,9172 Main St,City27,TX,59767,USA
ORD100212,CUST4804,Customer 4804,customer4804@example.com,+1-555-6839,2023-08-13 05:00:00,PRD488,Product 488,Electronics,9,530.19,0.19,0.08,12.46,4186.75,PayPal,Delivered,7543 Main St,City6,PA,21204,USA
ORD100213,CUST8119,Customer 8119,customer8119@example.com,+1-555-5649,2023-08-12 02:00:00,PRD819,Product 819,Health,1,164.03,0.08,0.08,18.37,181.35,Debit Card,Pending,4759 Main St,City76,NY,61361,USA
ORD100214,CUST5680,Customer 5680,customer5680@example.com,+1-555-2339,2023-01-27 13:00:00,PRD908,Product 908,Toys,6,678.98,0.13,0.08,21.77,3849.59,Debit Card,Cancelled,8457 Main St,City5,IL,31247,USA
ORD100215,CUST6688,Customer 6688,customer6688@example.com,+1-555-6272,2023-06-22 05:00:00,PRD811,Product 811,Clothing,2,951.16,0.25,0.08,8.0,1548.88,Bank Transfer,Delivered,2054 Main St,City8,FL,63166,USA
ORD100216,CUST9806,Customer 9806,customer9806@example.com,+1-555-6107,2023-04-24 21:00:00,PRD624,Product 624,Home & Garden,5,239.58,0.28,0.08,24.91,956.4,PayPal,Shipped,2906 Main St,City82,MI,95164,USA
ORD100217,CUST3121,Customer 3121,customer3121@example.com,+1-555-1669,2023-11-14 11:00:00,PRD461,Product 461,Books,3,579.15,0.07,0.08,8.27,1753.36,Cash on Delivery,Pending,3346 Main St,City20,PA,19984,USA
ORD100218,CUST9094,Customer 9094,customer9094@example.com,+1-555-9812,2023-11-19 05:00:00,PRD989,Product 989,Automotive,1,945.57,0.04,0.08,11.09,991.46,Credit Card,Delivered,2561 Main St,City11,NY,77512,USA
ORD100219,CUST5881,Customer 5881,customer5881@example.com,+1-555-8671,2023-11-10 06:00:00,PRD832,Product 832,Electronics,4,920.9,0.28,0.08,15.66,2880.03,Bank Transfer,Shipped,9331 Main St,City15,CA,53203,USA
ORD100220,CUST2394,Customer 2394,customer2394@example.com,+1-555-7338,2023-04-20 02:00:00,PRD586,Product 586,Sports,4,969.69,0.25,0.08,18.59,3160.39,Credit Card,Processing,4413 Main St,City65,NC,52770,USA
ORD100221,CUST6573,Customer 6573,customer6573@example.com,+1-555-1897,2023-02-14 06:00:00,PRD527,Product 527,Clothing,8,422.82,0.02,0.08,5.25,3585.35,Cash on Delivery,Cancelled,6432 Main St,City22,TX,93563,USA
ORD100222,CUST5501,Customer 5501,customer5501@example.com,+1-555-3504,2023-11-05 12:00:00,PRD923,Product 923,Home & Garden,8,949.46,0.16,0.08,19.62,6910.42,Debit Card,Delivered,7126 Main St,City38,NC,71700,USA
ORD100223,CUST3012,Customer 3012,customer3012@example.com,+1-555-5841,2023-12-15 07:00:00,PRD785,Product 785,Toys,2,583.95,0.26,0.08,11.33,944.72,Cash on Delivery,Shipped,8127 Main St,City63,OH,69897,USA
ORD100224,CUST4065,Customer 4065,customer4065@example.com,+1-555-1142,2023-06-16 04:00:00,PRD759,Product 759,Home & Garden,2,641.07,0.09,0.08,24.39,1284.48,Credit Card,Delivered,9798 Main St,City26,NY,67740,USA
ORD100225,CUST9838,Customer 9838,customer9838@example.com,+1-555-4182,2023-04-06 11:00:00,PRD824,Product 824,Toys,1,148.28,0.14,0.08,23.49,161.21,Cash on Delivery,Pending,7111 Main St,City47,TX,12007,USA
ORD100226,CUST7970,Customer 7970,customer7970@example.com,+1-555-2187,2023-12-23 14:00:00,PRD936,Product 936,Clothing,7,842.85,0.04,0.08,12.38,6129.45,Debit Card,Delivered,2101 Main St,City1,TX,80528,USA
ORD100227,CUST3794,Customer 3794,customer3794@example.com,+1-555-8302,2023-10-10 18:00:00,PRD786,Product 786,Health,9,133.54,0.12,0.08,7.89,1150.14,Cash on Delivery,Cancelled,3818 Main St,City94,GA,33076,USA
ORD100228,CUST2895,Customer 2895,customer2895@example.com,+1-555-7094,2023-04-18 04:00:00,PRD618,Product 618,Sports,7,87.48,0.11,0.08,6.97,595.57,Cash on Delivery,Cancelled,5068 Main St,City19,GA,90778,USA
ORD100229,CUST9030,Customer 9030,customer9030@example.com,+1-555-3959,2023-01-31 14:00:00,PRD449,Product 449,Health,3,118.96,0.0,0.08,24.07,409.5,Credit Card,Pending,8943 Main St,City77,OH,40418,USA
ORD100230,CUST1540,Customer 1540,customer1540@example.com,+1-555-6249,2023-02-15 12:00:00,PRD590,Product 590,Sports,6,373.94,0.2,0.08,13.9,1952.4,PayPal,Shipped,4522 Main St,City25,TX,44704,USA
ORD100231,CUST5902,Customer 5902,customer5902@example.com,+1-555-8176,2023-11-21 21:00:00,PRD906,Product 906,Toys,9,619.67,0.24,0.08,6.38,4584.01,Bank Transfer,Shipped,2289 Main St,City50,TX,85343,USA
ORD100232,CUST2572,Customer 2572,customer2572@example.com,+1-555-2243,2023-07-16 23:00:00,PRD234,Product 234,Electronics,7,462.21,0.15,0.08,20.96,2991.12,Bank Transfer,Processing,250 Main St,City22,GA,52842,USA
ORD100233,CUST1825,Customer 1825,customer1825@example.com,+1-555-1010,2023-08-17 07:00:00,PRD702,Product 702,Home & Garden,1,653.85,0.28,0.08,22.79,531.22,Bank Transfer,Delivered,4454 Main St,City22,GA,92063,USA
ORD100234,CUST9413,Customer 9413,customer9413@example.com,+1-555-6486,2023-07-23 03:00:00,PRD308,Product 308,Health,4,550.21,0.21,0.08,10.17,1887.93,Credit Card,Processing,6326 Main St,City23,IL,82975,USA
ORD100235,CUST5344,Customer 5344,customer5344@example.com,+1-555-5898,2023-05-23 02:00:00,PRD547,Product 547,Clothing,8,944.73,0.09,0.08,18.86,7446.71,Credit Card,Shipped,1993 Main St,City75,NC,17889,USA
ORD100236,CUST6736,Customer 6736,customer6736@example.com,+1-555-4906,2023-06-15 22:00:00,PRD775,Product 775,Toys,5,643.83,0.11,0.08,17.2,3111.45,PayPal,Processing,7374 Main St,City40,NY,59992,USA
ORD100237,CUST4224,Customer 4224,customer4224@example.com,+1-555-7494,2023-02-02 15:00:00,PRD541,Product 541,Toys,9,470.26,0.11,0.08,5.57,4073.7,Cash on Delivery,Delivered,6002 Main St,City77,OH,54978,USA
ORD100238,CUST6926,Customer 6926,customer6926@example.com,+1-555-2094,2023-04-20 06:00:00,PRD452,Product 452,Electronics,7,728.24,0.08,0.08,24.54,5089.59,Credit Card,Processing,6709 Main St,City9,NY,91541,USA
ORD100239,CUST9957,Customer 9957,customer9957@example.com,+1-555-9801,2023-03-31 06:00:00,PRD872,Product 872,Toys,3,696.8,0.29,0.08,9.24,1612.16,Cash on Delivery,Pending,7331 Main St,City15,GA,69444,USA
ORD100240,CUST1436,Customer 1436,customer1436@example.com,+1-555-5209,2023-06-10 16:00:00,PRD363,Product 363,Clothing,2,837.96,0.22,0.08,15.81,1427.61,Debit Card,Cancelled,1117 Main St,City77,FL,60558,USA
ORD100241,CUST1473,Customer 1473,customer1473@example.com,+1-555-8899,2023-02-12 11:00:00,PRD325,Product 325,Home & Garden,3,61.64,0.25,0.08,23.96,173.75,Credit Card,Processing,5827 Main St,City73,MI,20236,USA
ORD100242,CUST7656,Customer 7656,customer7656@example.com,+1-555-9110,2023-08-14 03:00:00,PRD515,Product 515,Home & Garden,10,612.09,0.07,0.08,14.17,6162.0,PayPal,Pending,3667 Main St,City93,OH,65804,USA
ORD100243,CUST1469,Customer 1469,customer1469@example.com,+1-555-1782,2023-11-01 04:00:00,PRD368,Product 368,Electronics,6,977.94,0.01,0.08,24.11,6297.79,Credit Card,Pending,6696 Main St,City98,PA,80141,USA
ORD100244,CUST5687,Customer 5687,customer5687@example.com,+1-555-3382,2023-08-22 04:00:00,PRD665,Product 665,Books,8,20.02,0.22,0.08,18.32,153.24,Credit Card,Cancelled,1951 Main St,City14,PA,71998,USA
ORD100245,CUST4054,Customer 4054,customer4054@example.com,+1-555-1094,2023-09-09 05:00:00,PRD805,Product 805,Toys,8,889.03,0.17,0.08,6.44,6381.85,Debit Card,Cancelled,8042 Main St,City30,NC,78956,USA
ORD100246,CUST2261,Customer 2261,customer2261@example.com,+1-555-2394,2023-03-15 16:00:00,PRD927,Product 927,Health,8,533.75,0.27,0.08,8.32,3374.79,PayPal,Delivered,4613 Main St,City56,TX,68899,USA
ORD100247,CUST3549,Customer 3549,customer3549@example.com,+1-555-3928,2023-05-18 20:00:00,PRD886,Product 886,Automotive,6,456.21,0.24,0.08,24.03,2270.77,Credit Card,Delivered,1841 Main St,City62,NC,84205,USA
ORD100248,CUST1313,Customer 1313,customer1313@example.com,+1-555-4676,2023-09-11 11:00:00,PRD920,Product 920,Electronics,4,988.61,0.02,0.08,21.7,4207.08,Debit Card,Delivered,9891 Main St,City35,NC,70788,USA
ORD100249,CUST9145,Customer 9145,customer9145@example.com,+1-555-2261,2023-03-07 19:00:00,PRD383,Product 383,Health,9,15.65,0.13,0.08,24.26,156.6,Debit Card,Delivered,1806 Main St,City13,PA,14416,USA
ORD100250,CUST1567,Customer 1567,customer1567@example.com,+1-555-3670,2023-06-19 21:00:00,PRD954,Product 954,Health,3,485.32,0.08,0.08,22.98,1469.62,Cash on Delivery,Delivered,3431 Main St,City94,PA,52384,USA
ORD100251,CUST6301,Customer 6301,customer6301@example.com,+1-555-6125,2023-03-04 08:00:00,PRD578,Product 578,Electronics,4,168.54,0.29,0.08,10.85,527.8,PayPal,Delivered,9503 Main St,City27,OH,19304,USA
ORD100252,CUST5883,Customer 5883,customer5883@example.com,+1-555-6708,2023-06-20 23:00:00,PRD262,Product 262,Sports,8,632.28,0.08,0.08,20.21,5046.08,Bank Transfer,Pending,1928 Main St,City48,IL,94088,USA
ORD100253,CUST6100,Customer 6100,customer6100@example.com,+1-555-8670,2023-06-30 15:00:00,PRD129,Product 129,Electronics,3,185.57,0.25,0.08,5.63,456.57,PayPal,Pending,2831 Main St,City16,NY,35712,USA
ORD100254,CUST6751,Customer 6751,customer6751@example.com,+1-555-3163,2023-08-06 12:00:00,PRD145,Product 145,Clothing,2,87.96,0.23,0.08,7.16,153.46,Bank Transfer,Shipped,291 Main St,City58,GA,32542,USA
ORD100255,CUST5481,Customer 5481,customer5481@example.com,+1-555-5865,2023-03-25 05:00:00,PRD333,Product 333,Home & Garden,9,497.47,0.11,0.08,5.18,4308.69,Debit Card,Shipped,5022 Main St,City85,IL,31937,USA
ORD100256,CUST5025,Customer 5025,customer5025@example.com,+1-555-4959,2023-09-20 14:00:00,PRD405,Product 405,Home & Garden,5,249.55,0.06,0.08,7.08,1273.8,PayPal,Shipped,1767 Main St,City88,OH,79959,USA
ORD100257,CUST3196,Customer 3196,customer3196@example.com,+1-555-7809,2023-02-28 23:00:00,PRD848,Product 848,Books,9,454.72,0.03,0.08,17.57,4304.85,Debit Card,Cancelled,6016 Main St,City83,NC,36583,USA
ORD100258,CUST4707,Customer 4707,customer4707@example.com,+1-555-8729,2023-12-30 08:00:00,PRD768,Product 768,Sports,3,695.95,0.16,0.08,20.52,1914.62,PayPal,Delivered,7646 Main St,City57,NC,31525,USA
ORD100259,CUST4492,Customer 4492,customer4492@example.com,+1-555-2644,2023-09-25 12:00:00,PRD262,Product 262,Books,2,835.45,0.23,0.08,16.17,1405.69,Debit Card,Processing,1157 Main St,City95,CA,56053,USA
ORD100260,CUST1024,Customer 1024,customer1024@example.com,+1-555-8834,2023-01-03 11:00:00,PRD703,Product 703,Automotive,5,281.19,0.26,0.08,16.95,1140.59,Debit Card,Processing,8261 Main St,City84,NC,60396,USA
ORD100261,CUST4392,Customer 4392,customer4392@example.com,+1-555-8795,2023-06-24 04:00:00,PRD604,Product 604,Toys,9,341.22,0.04,0.08,7.62,3191.61,Cash on Delivery,Cancelled,4752 Main St,City2,MI,20397,USA
ORD100262,CUST9836,Customer 9836,customer9836@example.com,+1-555-2910,2023-12-06 22:00:00,PRD870,Product 870,Toys,5,793.07,0.17,0.08,16.85,3571.39,PayPal,Processing,4743 Main St,City37,FL,66532,USA
ORD100263,CUST6344,Customer 6344,customer6344@example.com,+1-555-2518,2023-02-01 13:00:00,PRD249,Product 249,Toys,10,81.04,0.25,0.08,8.91,665.33,Credit Card,Delivered,6201 Main St,City23,MI,69133,USA
ORD100264,CUST1701,Customer 1701,customer1701@example.com,+1-555-1265,2023-12-01 01:00:00,PRD493,Product 493,Clothing,10,149.84,0.01,0.08,12.04,1614.13,Debit Card,Processing,792 Main St,City90,OH,40532,USA
ORD100265,CUST8244,Customer 8244,customer8244@example.com,+1-555-3803,2023-01-03 23:00:00,PRD118,Product 118,Clothing,1,919.37,0.07,0.08,15.5,938.92,Bank Transfer,Shipped,6917 Main St,City24,NC,49664,USA
ORD100266,CUST1665,Customer 1665,customer1665@example.com,+1-555-7711,2023-12-21 06:00:00,PRD628,Product 628,Clothing,4,614.14,0.04,0.08,18.2,2565.16,Bank Transfer,Cancelled,1277 Main St,City61,OH,51446,USA
ORD100267,CUST6647,Customer 6647,customer6647@example.com,+1-555-8656,2023-05-21 07:00:00,PRD878,Product 878,Toys,8,250.19,0.22,0.08,10.5,1696.58,Bank Transfer,Pending,5862 Main St,City9,TX,15645,USA
ORD100268,CUST5585,Customer 5585,customer5585@example.com,+1-555-5416,2023-03-31 00:00:00,PRD795,Product 795,Books,2,952.98,0.25,0.08,8.77,1552.6,PayPal,Shipped,1548 Main St,City45,PA,63962,USA
ORD100269,CUST6160,Customer 6160,customer6160@example.com,+1-555-4789,2023-11-14 16:00:00,PRD579,Product 579,Home & Garden,8,571.7,0.2,0.08,6.22,3957.81,Cash on Delivery,Delivered,197 Main St,City77,GA,51560,USA
ORD100270,CUST4874,Customer 4874,customer4874@example.com,+1-555-9103,2023-04-03 06:00:00,PRD520,Product 520,Clothing,5,133.06,0.29,0.08,13.52,523.67,Bank Transfer,Cancelled,3959 Main St,City41,NY,34880,USA
ORD100271,CUST1896,Customer 1896,customer1896@example.com,+1-555-4184,2023-11-15 05:00:00,PRD397,Product 397,Books,3,753.98,0.07,0.08,12.96,2284.85,Bank Transfer,Pending,4345 Main St,City76,PA,43523,USA
ORD100272,CUST5418,Customer 5418,customer5418@example.com,+1-555-3777,2023-01-24 15:00:00,PRD561,Product 561,Electronics,1,224.43,0.24,0.08,21.46,205.67,Bank Transfer,Processing,9358 Main St,City80,TX,64060,USA
ORD100273,CUST6572,Customer 6572,customer6572@example.com,+1-555-3958,2023-07-29 05:00:00,PRD481,Product 481,Sports,6,176.7,0.25,0.08,16.03,874.79,Credit Card,Delivered,5455 Main St,City4,OH,78791,USA
ORD100274,CUST5478,Customer 5478,customer5478@example.com,+1-555-9000,2023-02-22 18:00:00,PRD756,Product 756,Electronics,7,601.24,0.06,0.08,16.74,4289.39,PayPal,Processing,3276 Main St,City23,TX,30144,USA
ORD100275,CUST7134,Customer 7134,customer7134@example.com,+1-555-2943,2023-05-18 17:00:00,PRD757,Product 757,Health,6,740.79,0.22,0.08,18.21,3762.46,Cash on Delivery,Shipped,7659 Main St,City34,MI,76019,USA
ORD100276,CUST3799,Customer 3799,customer3799@example.com,+1-555-4400,2023-08-24 16:00:00,PRD472,Product 472,Health,4,158.4,0.17,0.08,24.41,592.37,Debit Card,Delivered,4341 Main St,City51,FL,48706,USA
ORD100277,CUST8173,Customer 8173,customer8173@example.com,+1-555-8586,2023-11-26 23:00:00,PRD433,Product 433,Electronics,3,222.49,0.16,0.08,10.64,616.17,Debit Card,Pending,6814 Main St,City78,NC,12688,USA
ORD100278,CUST3284,Customer 3284,customer3284@example.com,+1-555-8688,2023-04-09 13:00:00,PRD423,Product 423,Clothing,3,890.23,0.27,0.08,21.59,2127.16,Bank Transfer,Pending,6346 Main St,City97,FL,30618,USA
ORD100279,CUST8947,Customer 8947,customer8947@example.com,+1-555-2260,2023-01-30 23:00:00,PRD747,Product 747,Sports,6,232.64,0.07,0.08,7.91,1409.89,Debit Card,Pending,2688 Main St,City71,CA,35473,USA
ORD100280,CUST8150,Customer 8150,customer8150@example.com,+1-555-4464,2023-05-08 13:00:00,PRD617,Product 617,Home & Garden,7,178.98,0.09,0.08,12.31,1243.62,Cash on Delivery,Processing,667 Main St,City91,PA,74908,USA
ORD100281,CUST9776,Customer 9776,customer9776@example.com,+1-555-4336,2023-01-20 09:00:00,PRD933,Product 933,Automotive,1,245.82,0.25,0.08,8.22,207.33,Credit Card,Pending,3730 Main St,City72,OH,48561,USA
ORD100282,CUST5711,Customer 5711,customer5711@example.com,+1-555-8158,2023-02-12 17:00:00,PRD385,Product 385,Clothing,5,394.33,0.2,0.08,12.69,1716.2,Credit Card,Shipped,145 Main St,City70,GA,92876,USA
ORD100283,CUST4736,Customer 4736,customer4736@example.com,+1-555-9958,2023-09-29 06:00:00,PRD569,Product 569,Health,7,484.97,0.26,0.08,5.99,2719.11,Bank Transfer,Delivered,6904 Main St,City9,NY,60613,USA
ORD100284,CUST6319,Customer 6319,customer6319@example.com,+1-555-4029,2023-06-18 03:00:00,PRD443,Product 443,Sports,6,328.82,0.06,0.08,16.22,2019.13,Cash on Delivery,Delivered,4669 Main St,City50,CA,31894,USA
ORD100285,CUST6093,Customer 6093,customer6093@example.com,+1-555-5797,2023-02-05 01:00:00,PRD964,Product 964,Automotive,5,728.99,0.12,0.08,21.98,3486.14,Debit Card,Processing,2411 Main St,City41,TX,62697,USA
ORD100286,CUST2736,Customer 2736,customer2736@example.com,+1-555-5762,2023-06-21 21:00:00,PRD617,Product 617,Toys,4,898.27,0.06,0.08,20.2,3667.89,Cash on Delivery,Processing,9079 Main St,City99,IL,74757,USA
ORD100287,CUST9993,Customer 9993,customer9993@example.com,+1-555-6459,2023-08-09 13:00:00,PRD712,Product 712,Books,1,405.99,0.09,0.08,9.98,408.99,Credit Card,Processing,5986 Main St,City27,IL,66519,USA
ORD100288,CUST2804,Customer 2804,customer2804@example.com,+1-555-9304,2023-05-06 10:00:00,PRD220,Product 220,Electronics,9,825.83,0.12,0.08,23.97,7087.79,Debit Card,Delivered,4890 Main St,City58,NC,48309,USA
ORD100289,CUST8579,Customer 8579,customer8579@example.com,+1-555-6868,2023-08-28 19:00:00,PRD969,Product 969,Books,5,894.0,0.02,0.08,13.32,4744.37,PayPal,Cancelled,3531 Main St,City38,FL,39612,USA
ORD100290,CUST7041,Customer 7041,customer7041@example.com,+1-555-1325,2023-10-14 04:00:00,PRD897,Product 897,Toys,9,958.72,0.12,0.08,24.77,8225.28,Credit Card,Cancelled,6022 Main St,City47,NC,62485,USA
ORD100291,CUST2984,Customer 2984,customer2984@example.com,+1-555-6328,2023-04-10 07:00:00,PRD983,Product 983,Health,3,794.95,0.03,0.08,13.07,2511.44,Debit Card,Processing,9753 Main St,City58,NY,66819,USA
ORD100292,CUST4241,Customer 4241,customer4241@example.com,+1-555-5842,2023-12-22 06:00:00,PRD705,Product 705,Home & Garden,7,889.29,0.11,0.08,21.48,6004.98,Cash on Delivery,Shipped,7334 Main St,City58,NY,37679,USA
ORD100293,CUST4721,Customer 4721,customer4721@example.com,+1-555-4254,2023-02-01 02:00:00,PRD661,Product 661,Books,3,549.86,0.08,0.08,17.55,1656.57,PayPal,Pending,6038 Main St,City94,GA,81543,USA
ORD100294,CUST8697,Customer 8697,customer8697@example.com,+1-555-5205,2023-06-07 07:00:00,PRD615,Product 615,Electronics,10,582.56,0.29,0.08,14.68,4481.75,Debit Card,Processing,2285 Main St,City19,PA,68468,USA
ORD100295,CUST8477,Customer 8477,customer8477@example.com,+1-555-4082,2023-02-17 22:00:00,PRD172,Product 172,Electronics,4,434.82,0.25,0.08,23.36,1432.18,Credit Card,Delivered,4908 Main St,City57,FL,82335,USA
ORD100296,CUST5768,Customer 5768,customer5768@example.com,+1-555-1690,2023-08-19 19:00:00,PRD259,Product 259,Clothing,8,410.38,0.01,0.08,23.75,3533.98,Bank Transfer,Pending,3864 Main St,City9,GA,81853,USA
ORD100297,CUST2204,Customer 2204,customer2204@example.com,+1-555-1226,2023-02-26 02:00:00,PRD498,Product 498,Home & Garden,9,274.42,0.13,0.08,15.53,2336.14,PayPal,Cancelled,1430 Main St,City9,CA,97691,USA
ORD100298,CUST5773,Customer 5773,customer5773@example.com,+1-555-6994,2023-11-14 19:00:00,PRD407,Product 407,Home & Garden,10,911.69,0.29,0.08,23.11,7013.95,Credit Card,Pending,7852 Main St,City83,IL,13739,USA
ORD100299,CUST8147,Customer 8147,customer8147@example.com,+1-555-3479,2023-10-12 16:00:00,PRD709,Product 709,Toys,5,78.72,0.15,0.08,22.67,383.99,Bank Transfer,Shipped,8321 Main St,City99,TX,11758,USA
ORD100300,CUST1017,Customer 1017,customer1017@example.com,+1-555-3864,2023-08-01 01:00:00,PRD510,Product 510,Sports,10,63.66,0.18,0.08,7.13,570.9,Bank Transfer,Cancelled,9153 Main St,City100,OH,21278,USA
ORD100301,CUST4426,Customer 4426,customer4426@example.com,+1-555-9706,2023-12-22 15:00:00,PRD174,Product 174,Clothing,3,680.91,0.14,0.08,15.92,1913.21,Cash on Delivery,Cancelled,9803 Main St,City60,GA,20381,USA
ORD100302,CUST7856,Customer 7856,customer7856@example.com,+1-555-9777,2023-04-05 11:00:00,PRD143,Product 143,Automotive,7,281.92,0.1,0.08,20.75,1938.93,PayPal,Shipped,6518 Main St,City97,PA,66953,USA
ORD100303,CUST8311,Customer 8311,customer8311@example.com,+1-555-9353,2023-11-26 10:00:00,PRD610,Product 610,Books,3,716.86,0.19,0.08,12.27,1893.6,PayPal,Pending,3929 Main St,City43,TX,85613,USA
ORD100304,CUST8571,Customer 8571,customer8571@example.com,+1-555-1854,2023-02-17 11:00:00,PRD784,Product 784,Sports,5,922.08,0.15,0.08,15.76,4248.11,Credit Card,Shipped,1683 Main St,City92,CA,37443,USA
ORD100305,CUST2438,Customer 2438,customer2438@example.com,+1-555-6376,2023-03-01 22:00:00,PRD554,Product 554,Books,10,263.65,0.14,0.08,15.45,2464.23,Credit Card,Delivered,29 Main St,City73,TX,61917,USA
ORD100306,CUST1584,Customer 1584,customer1584@example.com,+1-555-7924,2023-03-06 16:00:00,PRD344,Product 344,Automotive,5,877.3,0.06,0.08,14.4,4467.57,Debit Card,Cancelled,1580 Main St,City89,CA,45108,USA
ORD100307,CUST4713,Customer 4713,customer4713@example.com,+1-555-5024,2023-08-02 16:00:00,PRD469,Product 469,Health,9,211.91,0.14,0.08,15.46,1786.86,Bank Transfer,Processing,6111 Main St,City59,IL,85029,USA
ORD100308,CUST4925,Customer 4925,customer4925@example.com,+1-555-6749,2023-11-03 23:00:00,PRD670,Product 670,Health,6,92.75,0.02,0.08,14.26,603.26,Bank Transfer,Delivered,4223 Main St,City95,OH,46670,USA
ORD100309,CUST1812,Customer 1812,customer1812@example.com,+1-555-7263,2023-07-07 15:00:00,PRD280,Product 280,Automotive,2,56.64,0.1,0.08,17.1,127.21,Bank Transfer,Pending,5777 Main St,City49,GA,68499,USA
ORD100310,CUST9724,Customer 9724,customer9724@example.com,+1-555-9630,2023-05-19 04:00:00,PRD724,Product 724,Clothing,3,345.63,0.01,0.08,23.97,1132.61,Cash on Delivery,Pending,7587 Main St,City8,CA,14778,USA
ORD100311,CUST8870,Customer 8870,customer8870@example.com,+1-555-6763,2023-08-08 02:00:00,PRD811,Product 811,Automotive,1,123.96,0.18,0.08,7.38,117.16,PayPal,Shipped,5812 Main St,City5,IL,38540,USA
ORD100312,CUST3940,Customer 3940,customer3940@example.com,+1-555-9212,2023-05-24 14:00:00,PRD984,Product 984,Sports,1,330.28,0.2,0.08,17.79,303.15,Cash on Delivery,Pending,8623 Main St,City27,MI,23015,USA
ORD100313,CUST6875,Customer 6875,customer6875@example.com,+1-555-3469,2023-04-26 14:00:00,PRD403,Product 403,Toys,9,964.0,0.2,0.08,6.86,7502.92,Cash on Delivery,Delivered,43 Main St,City100,NY,73742,USA
ORD100314,CUST6525,Customer 6525,customer6525@example.com,+1-555-2612,2023-12-09 08:00:00,PRD830,Product 830,Books,2,188.16,0.02,0.08,10.13,408.43,Credit Card,Shipped,7880 Main St,City18,CA,18245,USA
ORD100315,CUST9315,Customer 9315,customer9315@example.com,+1-555-6267,2023-05-02 00:00:00,PRD416,Product 416,Sports,8,654.71,0.23,0.08,22.05,4377.7,Cash on Delivery,Delivered,9834 Main St,City10,FL,97937,USA
ORD100316,CUST5990,Customer 5990,customer5990@example.com,+1-555-2144,2023-05-25 19:00:00,PRD926,Product 926,Home & Garden,1,37.31,0.11,0.08,18.57,54.43,Cash on Delivery,Delivered,8125 Main St,City83,OH,28980,USA
ORD100317,CUST9298,Customer 9298,customer9298@example.com,+1-555-5381,2023-05-19 12:00:00,PRD366,Product 366,Health,7,567.51,0.0,0.08,14.49,4304.87,PayPal,Processing,8379 Main St,City99,TX,54490,USA
ORD100318,CUST9027,Customer 9027,customer9027@example.com,+1-555-5932,2023-10-09 20:00:00,PRD584,Product 584,Health,9,916.59,0.13,0.08,16.26,7767.31,Credit Card,Delivered,5673 Main St,City28,GA,37721,USA
ORD100319,CUST3479,Customer 3479,customer3479@example.com,+1-555-2553,2023-09-03 11:00:00,PRD864,Product 864,Automotive,8,209.79,0.1,0.08,22.5,1653.83,Debit Card,Cancelled,5513 Main St,City70,MI,46603,USA
ORD100320,CUST4393,Customer 4393,customer4393@example.com,+1-555-5449,2023-06-15 01:00:00,PRD811,Product 811,Health,9,797.69,0.0,0.08,19.77,7773.32,Cash on Delivery,Pending,447 Main St,City96,CA,29676,USA
ORD100321,CUST9293,Customer 9293,customer9293@example.com,+1-555-3811,2023-06-21 23:00:00,PRD935,Product 935,Toys,2,703.01,0.25,0.08,9.03,1147.91,Debit Card,Pending,6889 Main St,City97,CA,25153,USA
ORD100322,CUST8698,Customer 8698,customer8698@example.com,+1-555-1487,2023-05-13 00:00:00,PRD545,Product 545,Health,8,806.78,0.05,0.08,20.1,6642.15,Bank Transfer,Processing,5064 Main St,City34,NC,65954,USA
ORD100323,CUST3243,Customer 3243,customer3243@example.com,+1-555-6299,2023-11-05 17:00:00,PRD811,Product 811,Electronics,8,415.49,0.1,0.08,22.28,3253.13,Debit Card,Delivered,6993 Main St,City33,IL,21239,USA
ORD100324,CUST1867,Customer 1867,customer1867@example.com,+1-555-3540,2023-11-23 14:00:00,PRD113,Product 113,Clothing,3,114.78,0.3,0.08,23.21,283.53,Credit Card,Pending,1713 Main St,City79,IL,64213,USA
ORD100325,CUST9929,Customer 9929,customer9929@example.com,+1-555-5629,2023-08-21 04:00:00,PRD400,Product 400,Sports,6,920.51,0.16,0.08,17.51,5028.03,Cash on Delivery,Shipped,6538 Main St,City24,TX,97889,USA
ORD100326,CUST4264,Customer 4264,customer4264@example.com,+1-555-3868,2023-02-06 04:00:00,PRD832,Product 832,Automotive,6,475.49,0.22,0.08,20.36,2423.68,Debit Card,Shipped,8328 Main St,City37,NC,58253,USA
ORD100327,CUST3517,Customer 3517,customer3517@example.com,+1-555-3961,2023-10-22 20:00:00,PRD136,Product 136,Books,7,113.91,0.22,0.08,21.16,692.86,Debit Card,Processing,7498 Main St,City20,NY,12316,USA
ORD100328,CUST8685,Customer 8685,customer8685@example.com,+1-555-9540,2023-09-03 11:00:00,PRD665,Product 665,Books,5,133.5,0.06,0.08,19.33,696.98,Cash on Delivery,Shipped,6898 Main St,City72,PA,27552,USA
ORD100329,CUST9169,Customer 9169,customer9169@example.com,+1-555-4219,2023-10-09 13:00:00,PRD264,Product 264,Books,5,509.31,0.16,0.08,12.16,2322.39,Bank Transfer,Shipped,8291 Main St,City61,FL,64590,USA
ORD100330,CUST8685,Customer 8685,customer8685@example.com,+1-555-2899,2023-06-15 16:00:00,PRD156,Product 156,Sports,8,325.87,0.27,0.08,15.93,2071.26,Debit Card,Delivered,2047 Main St,City85,GA,37578,USA
ORD100331,CUST5456,Customer 5456,customer5456@example.com,+1-555-9182,2023-05-07 15:00:00,PRD738,Product 738,Clothing,1,980.44,0.25,0.08,10.14,804.3,Credit Card,Pending,9981 Main St,City86,NC,79982,USA
ORD100332,CUST6272,Customer 6272,customer6272@example.com,+1-555-4367,2023-01-15 02:00:00,PRD652,Product 652,Automotive,8,46.1,0.25,0.08,16.81,315.54,Cash on Delivery,Delivered,3686 Main St,City14,NY,76055,USA
ORD100333,CUST4850,Customer 4850,customer4850@example.com,+1-555-4015,2023-01-15 02:00:00,PRD540,Product 540,Books,10,579.85,0.16,0.08,7.77,5268.17,PayPal,Pending,2617 Main St,City19,TX,18484,USA
ORD100334,CUST1060,Customer 1060,customer1060@example.com,+1-555-7796,2023-11-21 22:00:00,PRD139,Product 139,Health,2,417.35,0.04,0.08,7.52,872.94,Debit Card,Processing,6263 Main St,City91,FL,72572,USA
ORD100335,CUST7897,Customer 7897,customer7897@example.com,+1-555-6685,2023-02-10 18:00:00,PRD772,Product 772,Home & Garden,7,907.1,0.02,0.08,15.0,6735.52,Debit Card,Processing,8370 Main St,City22,IL,56997,USA
ORD100336,CUST4649,Customer 4649,customer4649@example.com,+1-555-5568,2023-02-28 14:00:00,PRD348,Product 348,Automotive,4,418.13,0.27,0.08,7.27,1325.88,Debit Card,Cancelled,2821 Main St,City1,OH,98673,USA
ORD100337,CUST6550,Customer 6550,customer6550@example.com,+1-555-8417,2023-10-24 20:00:00,PRD539,Product 539,Automotive,1,534.11,0.11,0.08,13.55,526.94,Debit Card,Pending,9349 Main St,City25,MI,88505,USA
ORD100338,CUST1162,Customer 1162,customer1162@example.com,+1-555-4066,2023-06-16 02:00:00,PRD776,Product 776,Toys,2,420.68,0.27,0.08,24.51,687.84,PayPal,Processing,6131 Main St,City81,OH,24914,USA
ORD100339,CUST2256,Customer 2256,customer2256@example.com,+1-555-7444,2023-01-21 12:00:00,PRD956,Product 956,Home & Garden,8,581.31,0.12,0.08,22.54,4442.36,PayPal,Cancelled,9571 Main St,City76,PA,62200,USA
ORD100340,CUST9205,Customer 9205,customer9205@example.com,+1-555-4774,2023-07-16 03:00:00,PRD146,Product 146,Clothing,4,929.3,0.24,0.08,22.19,3073.27,Cash on Delivery,Cancelled,5537 Main St,City39,NC,99665,USA
ORD100341,CUST9908,Customer 9908,customer9908@example.com,+1-555-3522,2023-06-12 09:00:00,PRD944,Product 944,Books,6,115.19,0.27,0.08,17.81,562.7,Bank Transfer,Shipped,4686 Main St,City33,GA,53542,USA
ORD100342,CUST2022,Customer 2022,customer2022@example.com,+1-555-7477,2023-02-19 16:00:00,PRD706,Product 706,Electronics,5,577.29,0.06,0.08,5.26,2935.58,Cash on Delivery,Cancelled,1138 Main St,City25,GA,86057,USA
ORD100343,CUST4127,Customer 4127,customer4127@example.com,+1-555-2405,2023-05-02 08:00:00,PRD617,Product 617,Books,4,254.5,0.22,0.08,6.9,864.46,PayPal,Cancelled,5621 Main St,City53,OH,91095,USA
ORD100344,CUST8726,Customer 8726,customer8726@example.com,+1-555-9697,2023-03-03 06:00:00,PRD833,Product 833,Books,2,179.54,0.24,0.08,20.88,315.61,PayPal,Processing,8226 Main St,City35,FL,56822,USA
ORD100345,CUST2623,Customer 2623,customer2623@example.com,+1-555-1172,2023-03-09 10:00:00,PRD576,Product 576,Home & Garden,2,12.75,0.13,0.08,5.31,29.27,Bank Transfer,Processing,4413 Main St,City6,NY,47069,USA
ORD100346,CUST6260,Customer 6260,customer6260@example.com,+1-555-4195,2023-12-22 18:00:00,PRD865,Product 865,Toys,9,782.77,0.17,0.08,14.24,6329.32,Cash on Delivery,Delivered,7975 Main St,City20,PA,96283,USA
ORD100347,CUST7286,Customer 7286,customer7286@example.com,+1-555-4747,2023-01-12 19:00:00,PRD360,Product 360,Home & Garden,3,138.72,0.15,0.08,12.74,394.77,Debit Card,Shipped,5776 Main St,City1,PA,81695,USA
ORD100348,CUST1813,Customer 1813,customer1813@example.com,+1-555-5367,2023-05-26 02:00:00,PRD736,Product 736,Clothing,5,88.48,0.29,0.08,11.95,351.18,Debit Card,Processing,3676 Main St,City100,CA,94507,USA
ORD100349,CUST9215,Customer 9215,customer9215@example.com,+1-555-9432,2023-09-21 04:00:00,PRD328,Product 328,Books,5,302.58,0.1,0.08,17.51,1488.05,Credit Card,Processing,7756 Main St,City9,FL,88929,USA
ORD100350,CUST5911,Customer 5911,customer5911@example.com,+1-555-1420,2023-02-13 04:00:00,PRD965,Product 965,Sports,9,317.47,0.18,0.08,8.47,2538.83,Debit Card,Cancelled,7375 Main St,City71,GA,98547,USA
ORD100351,CUST4365,Customer 4365,customer4365@example.com,+1-555-1921,2023-03-12 11:00:00,PRD997,Product 997,Home & Garden,5,301.2,0.24,0.08,20.71,1256.83,PayPal,Cancelled,1424 Main St,City13,NC,82368,USA
ORD100352,CUST5602,Customer 5602,customer5602@example.com,+1-555-5368,2023-01-31 03:00:00,PRD426,Product 426,Health,9,296.17,0.17,0.08,23.18,2412.56,PayPal,Pending,7926 Main St,City45,TX,54506,USA
ORD100353,CUST3577,Customer 3577,customer3577@example.com,+1-555-8192,2023-12-06 07:00:00,PRD408,Product 408,Health,9,591.45,0.05,0.08,13.42,5474.87,Credit Card,Pending,8621 Main St,City29,OH,70881,USA
ORD100354,CUST2731,Customer 2731,customer2731@example.com,+1-555-1609,2023-01-26 01:00:00,PRD502,Product 502,Automotive,5,855.05,0.19,0.08,20.33,3760.32,Credit Card,Delivered,1562 Main St,City62,NY,30464,USA
ORD100355,CUST7477,Customer 7477,customer7477@example.com,+1-555-8111,2023-07-29 13:00:00,PRD529,Product 529,Health,10,146.43,0.27,0.08,19.47,1173.92,Cash on Delivery,Shipped,4356 Main St,City89,CA,77115,USA
ORD100356,CUST6735,Customer 6735,customer6735@example.com,+1-555-7065,2023-09-08 18:00:00,PRD350,Product 350,Health,10,417.51,0.15,0.08,8.55,3841.29,Cash on Delivery,Cancelled,3379 Main St,City22,FL,64025,USA
ORD100357,CUST3003,Customer 3003,customer3003@example.com,+1-555-5743,2023-02-18 16:00:00,PRD467,Product 467,Sports,2,303.62,0.27,0.08,17.02,495.77,Bank Transfer,Shipped,8468 Main St,City45,TX,24087,USA
ORD100358,CUST3241,Customer 3241,customer3241@example.com,+1-555-9003,2023-01-20 13:00:00,PRD163,Product 163,Home & Garden,4,175.54,0.16,0.08,17.29,654.29,Bank Transfer,Cancelled,1705 Main St,City35,IL,59484,USA
ORD100359,CUST3711,Customer 3711,customer3711@example.com,+1-555-8628,2023-09-26 00:00:00,PRD417,Product 417,Sports,3,59.76,0.02,0.08,7.06,196.81,Credit Card,Cancelled,4239 Main St,City50,IL,99250,USA
ORD100360,CUST2894,Customer 2894,customer2894@example.com,+1-555-6903,2023-11-28 02:00:00,PRD276,Product 276,Electronics,4,401.88,0.13,0.08,12.66,1523.09,Cash on Delivery,Pending,5145 Main St,City37,NC,61642,USA
ORD100361,CUST7649,Customer 7649,customer7649@example.com,+1-555-1289,2023-09-20 19:00:00,PRD151,Product 151,Books,1,197.5,0.12,0.08,13.32,201.02,Cash on Delivery,Shipped,8533 Main St,City51,FL,32002,USA
ORD100362,CUST2503,Customer 2503,customer2503@example.com,+1-555-2369,2023-09-08 00:00:00,PRD572,Product 572,Toys,3,306.82,0.12,0.08,5.52,880.33,Debit Card,Pending,1246 Main St,City16,NY,62053,USA
ORD100363,CUST1602,Customer 1602,customer1602@example.com,+1-555-2640,2023-03-08 18:00:00,PRD709,Product 709,Books,7,988.7,0.27,0.08,19.38,5475.82,PayPal,Pending,320 Main St,City33,MI,50067,USA
ORD100364,CUST4332,Customer 4332,customer4332@example.com,+1-555-6232,2023-08-29 10:00:00,PRD340,Product 340,Sports,1,595.16,0.0,0.08,19.63,662.4,Cash on Delivery,Pending,2874 Main St,City88,CA,80564,USA
ORD100365,CUST1298,Customer 1298,customer1298@example.com,+1-555-4132,2023-04-26 23:00:00,PRD105,Product 105,Electronics,3,66.25,0.08,0.08,16.98,214.46,PayPal,Pending,9820 Main St,City97,FL,62337,USA
ORD100366,CUST7450,Customer 7450,customer7450@example.com,+1-555-5648,2023-09-05 12:00:00,PRD233,Product 233,Electronics,7,857.65,0.17,0.08,10.37,5391.95,Cash on Delivery,Delivered,5980 Main St,City80,NY,17073,USA
ORD100367,CUST3813,Customer 3813,customer3813@example.com,+1-555-4546,2023-02-02 19:00:00,PRD793,Product 793,Books,5,460.83,0.07,0.08,21.92,2336.21,PayPal,Pending,323 Main St,City26,TX,97578,USA
ORD100368,CUST9916,Customer 9916,customer9916@example.com,+1-555-4875,2023-04-07 09:00:00,PRD818,Product 818,Automotive,6,194.7,0.15,0.08,17.63,1090.04,PayPal,Pending,6247 Main St,City1,PA,52810,USA
ORD100369,CUST1380,Customer 1380,customer1380@example.com,+1-555-7792,2023-10-29 18:00:00,PRD409,Product 409,Sports,7,609.2,0.27,0.08,24.92,3386.97,Bank Transfer,Shipped,891 Main St,City99,NC,77963,USA
ORD100370,CUST9131,Customer 9131,customer9131@example.com,+1-555-5647,2023-04-01 11:00:00,PRD233,Product 233,Health,3,294.68,0.2,0.08,19.99,783.8,Cash on Delivery,Shipped,8974 Main St,City100,OH,57540,USA
ORD100371,CUST4580,Customer 4580,customer4580@example.com,+1-555-2461,2023-09-26 15:00:00,PRD476,Product 476,Automotive,3,951.8,0.28,0.08,14.94,2235.3,Credit Card,Processing,8630 Main St,City28,IL,32888,USA
ORD100372,CUST4267,Customer 4267,customer4267@example.com,+1-555-6409,2023-08-02 20:00:00,PRD603,Product 603,Sports,7,142.6,0.16,0.08,21.54,927.11,Credit Card,Shipped,4960 Main St,City66,FL,63482,USA
ORD100373,CUST4296,Customer 4296,customer4296@example.com,+1-555-3297,2023-05-07 20:00:00,PRD794,Product 794,Home & Garden,2,576.92,0.04,0.08,8.54,1204.84,PayPal,Delivered,4678 Main St,City67,PA,59388,USA
ORD100374,CUST9929,Customer 9929,customer9929@example.com,+1-555-8815,2023-05-19 13:00:00,PRD776,Product 776,Sports,3,59.79,0.12,0.08,19.36,189.83,Bank Transfer,Shipped,4345 Main St,City64,CA,49367,USA
ORD100375,CUST9817,Customer 9817,customer9817@example.com,+1-555-6304,2023-08-10 16:00:00,PRD527,Product 527,Electronics,2,256.54,0.04,0.08,6.16,538.12,Bank Transfer,Shipped,4311 Main St,City41,GA,46823,USA
ORD100376,CUST4091,Customer 4091,customer4091@example.com,+1-555-6380,2023-06-05 17:00:00,PRD492,Product 492,Electronics,7,495.6,0.17,0.08,13.97,3123.76,PayPal,Shipped,1375 Main St,City51,CA,19029,USA
ORD100377,CUST4807,Customer 4807,customer4807@example.com,+1-555-7090,2023-04-27 13:00:00,PRD110,Product 110,Sports,2,759.49,0.01,0.08,14.15,1638.24,Credit Card,Pending,1388 Main St,City79,PA,56873,USA
ORD100378,CUST2797,Customer 2797,customer2797@example.com,+1-555-6557,2023-04-19 11:00:00,PRD501,Product 501,Toys,3,817.02,0.15,0.08,23.06,2273.13,Credit Card,Delivered,2417 Main St,City100,PA,76706,USA
ORD100379,CUST4904,Customer 4904,customer4904@example.com,+1-555-5657,2023-04-10 02:00:00,PRD992,Product 992,Toys,9,122.41,0.25,0.08,18.14,910.51,Cash on Delivery,Cancelled,4766 Main St,City9,IL,22440,USA
ORD100380,CUST1340,Customer 1340,customer1340@example.com,+1-555-1198,2023-07-17 15:00:00,PRD888,Product 888,Automotive,5,482.06,0.22,0.08,13.75,2044.19,PayPal,Delivered,7800 Main St,City26,CA,82533,USA
ORD100381,CUST5984,Customer 5984,customer5984@example.com,+1-555-4879,2023-11-22 19:00:00,PRD943,Product 943,Automotive,5,268.73,0.05,0.08,21.04,1399.62,Credit Card,Cancelled,2850 Main St,City32,FL,23849,USA
ORD100382,CUST3417,Customer 3417,customer3417@example.com,+1-555-5061,2023-10-26 13:00:00,PRD253,Product 253,Books,7,740.69,0.29,0.08,7.57,3983.3,Credit Card,Processing,5722 Main St,City69,FL,29804,USA
ORD100383,CUST6430,Customer 6430,customer6430@example.com,+1-555-2537,2023-09-21 05:00:00,PRD663,Product 663,Books,10,526.79,0.07,0.08,7.13,5298.21,Cash on Delivery,Cancelled,1621 Main St,City8,OH,86312,USA
ORD100384,CUST6363,Customer 6363,customer6363@example.com,+1-555-5561,2023-10-13 12:00:00,PRD653,Product 653,Toys,2,289.89,0.23,0.08,16.05,498.2,PayPal,Shipped,969 Main St,City33,NC,55739,USA
ORD100385,CUST9125,Customer 9125,customer9125@example.com,+1-555-2140,2023-05-14 08:00:00,PRD952,Product 952,Automotive,7,142.04,0.07,0.08,9.28,1007.93,Credit Card,Delivered,9700 Main St,City19,TX,65868,USA
ORD100386,CUST1426,Customer 1426,customer1426@example.com,+1-555-1025,2023-08-15 00:00:00,PRD365,Product 365,Home & Garden,3,699.7,0.28,0.08,21.25,1653.51,Bank Transfer,Shipped,9970 Main St,City39,GA,97529,USA
ORD100387,CUST4756,Customer 4756,customer4756@example.com,+1-555-4360,2023-10-06 16:00:00,PRD149,Product 149,Toys,3,941.18,0.12,0.08,19.24,2702.73,Debit Card,Pending,5580 Main St,City80,CA,29747,USA
ORD100388,CUST7093,Customer 7093,customer7093@example.com,+1-555-9524,2023-12-01 13:00:00,PRD937,Product 937,Clothing,3,814.56,0.24,0.08,11.65,2017.42,PayPal,Cancelled,5884 Main St,City7,OH,55804,USA
ORD100389,CUST1739,Customer 1739,customer1739@example.com,+1-555-5846,2023-12-28 07:00:00,PRD156,Product 156,Electronics,9,603.86,0.12,0.08,19.83,5185.01,Cash on Delivery,Cancelled,8852 Main St,City24,GA,35793,USA
ORD100390,CUST4257,Customer 4257,customer4257@example.com,+1-555-4803,2023-04-15 11:00:00,PRD240,Product 240,Automotive,4,639.59,0.07,0.08,23.2,2592.82,Credit Card,Processing,6179 Main St,City17,FL,32828,USA
ORD100391,CUST6706,Customer 6706,customer6706@example.com,+1-555-4520,2023-01-21 01:00:00,PRD591,Product 591,Home & Garden,7,563.36,0.18,0.08,11.11,3503.49,Bank Transfer,Shipped,787 Main St,City82,NC,15302,USA
ORD100392,CUST4428,Customer 4428,customer4428@example.com,+1-555-5379,2023-12-22 18:00:00,PRD709,Product 709,Health,3,543.8,0.04,0.08,24.0,1715.44,PayPal,Cancelled,1538 Main St,City50,PA,61184,USA
ORD100393,CUST6412,Customer 6412,customer6412@example.com,+1-555-9383,2023-03-29 18:00:00,PRD784,Product 784,Clothing,4,976.62,0.1,0.08,12.98,3810.08,Debit Card,Delivered,1419 Main St,City52,CA,33140,USA
ORD100394,CUST1910,Customer 1910,customer1910@example.com,+1-555-1751,2023-11-14 17:00:00,PRD187,Product 187,Health,7,946.62,0.04,0.08,12.61,6882.8,Cash on Delivery,Shipped,6484 Main St,City43,OH,93591,USA
ORD100395,CUST4514,Customer 4514,customer4514@example.com,+1-555-1430,2023-01-20 12:00:00,PRD157,Product 157,Automotive,6,510.53,0.23,0.08,24.19,2571.53,Debit Card,Shipped,4486 Main St,City57,OH,89498,USA
ORD100396,CUST5353,Customer 5353,customer5353@example.com,+1-555-2939,2023-07-28 04:00:00,PRD217,Product 217,Toys,8,391.23,0.01,0.08,15.06,3361.48,Debit Card,Pending,6558 Main St,City54,NY,19964,USA
ORD100397,CUST2249,Customer 2249,customer2249@example.com,+1-555-6385,2023-10-20 06:00:00,PRD510,Product 510,Toys,9,543.52,0.25,0.08,7.82,3970.08,Cash on Delivery,Shipped,5034 Main St,City54,IL,44969,USA
ORD100398,CUST4390,Customer 4390,customer4390@example.com,+1-555-8974,2023-09-06 03:00:00,PRD340,Product 340,Clothing,4,674.09,0.06,0.08,8.4,2745.74,Bank Transfer,Cancelled,4506 Main St,City98,TX,93638,USA
ORD100399,CUST9680,Customer 9680,customer9680@example.com,+1-555-4713,2023-11-24 21:00:00,PRD713,Product 713,Books,3,965.46,0.01,0.08,8.02,3104.83,Credit Card,Processing,2627 Main St,City37,OH,32587,USA
ORD100400,CUST6749,Customer 6749,customer6749@example.com,+1-555-4148,2023-06-22 12:00:00,PRD148,Product 148,Toys,6,845.04,0.09,0.08,11.48,4994.51,Debit Card,Delivered,7739 Main St,City70,IL,26179,USA
ORD100401,CUST2368,Customer 2368,customer2368@example.com,+1-555-6864,2023-09-02 15:00:00,PRD509,Product 509,Clothing,9,542.28,0.06,0.08,18.22,4972.92,Credit Card,Processing,6060 Main St,City90,GA,36426,USA
ORD100402,CUST8531,Customer 8531,customer8531@example.com,+1-555-6403,2023-07-20 23:00:00,PRD158,Product 158,Home & Garden,1,596.7,0.3,0.08,7.34,458.45,Cash on Delivery,Delivered,535 Main St,City56,NY,78377,USA
ORD100403,CUST7585,Customer 7585,customer7585@example.com,+1-555-8857,2023-02-18 21:00:00,PRD811,Product 811,Clothing,4,726.61,0.12,0.08,16.69,2778.97,Cash on Delivery,Shipped,1350 Main St,City34,CA,28332,USA
ORD100404,CUST2205,Customer 2205,customer2205@example.com,+1-555-1057,2023-10-23 05:00:00,PRD214,Product 214,Clothing,4,568.73,0.18,0.08,16.66,2031.33,Bank Transfer,Processing,9955 Main St,City88,OH,89224,USA
ORD100405,CUST7599,Customer 7599,customer7599@example.com,+1-555-3956,2023-01-27 08:00:00,PRD378,Product 378,Health,1,887.96,0.09,0.08,13.67,886.36,Cash on Delivery,Pending,1014 Main St,City79,GA,17012,USA
ORD100406,CUST9110,Customer 9110,customer9110@example.com,+1-555-3734,2023-05-04 07:00:00,PRD595,Product 595,Sports,9,211.43,0.02,0.08,7.09,2021.09,Debit Card,Pending,5619 Main St,City74,IL,19572,USA
ORD100407,CUST4546,Customer 4546,customer4546@example.com,+1-555-1971,2023-09-09 17:00:00,PRD151,Product 151,Sports,8,287.31,0.22,0.08,20.89,1957.13,Credit Card,Cancelled,1580 Main St,City59,IL,45526,USA
ORD100408,CUST7674,Customer 7674,customer7674@example.com,+1-555-3717,2023-06-27 20:00:00,PRD792,Product 792,Automotive,10,440.8,0.07,0.08,7.75,4435.15,PayPal,Cancelled,4852 Main St,City36,FL,52551,USA
ORD100409,CUST1614,Customer 1614,customer1614@example.com,+1-555-1425,2023-04-27 04:00:00,PRD191,Product 191,Electronics,6,485.8,0.04,0.08,21.95,3044.01,Cash on Delivery,Delivered,1826 Main St,City79,PA,82064,USA
ORD100410,CUST2426,Customer 2426,customer2426@example.com,+1-555-3554,2023-09-16 11:00:00,PRD510,Product 510,Health,4,928.28,0.17,0.08,8.43,3336.87,PayPal,Pending,4494 Main St,City78,IL,49612,USA
ORD100411,CUST3393,Customer 3393,customer3393@example.com,+1-555-9990,2023-11-16 07:00:00,PRD577,Product 577,Books,5,470.85,0.25,0.08,13.06,1920.0,Credit Card,Delivered,9100 Main St,City19,IL,77274,USA
ORD100412,CUST2322,Customer 2322,customer2322@example.com,+1-555-5388,2023-01-05 14:00:00,PRD897,Product 897,Health,9,616.61,0.27,0.08,17.34,4392.56,Cash on Delivery,Processing,8343 Main St,City3,FL,12699,USA
ORD100413,CUST9978,Customer 9978,customer9978@example.com,+1-555-5246,2023-03-28 06:00:00,PRD581,Product 581,Toys,1,970.85,0.19,0.08,15.21,864.51,PayPal,Processing,6513 Main St,City9,NY,86160,USA
ORD100414,CUST1961,Customer 1961,customer1961@example.com,+1-555-9463,2023-02-24 01:00:00,PRD244,Product 244,Health,10,193.57,0.15,0.08,20.7,1797.67,Cash on Delivery,Pending,7625 Main St,City86,GA,28750,USA
ORD100415,CUST1149,Customer 1149,customer1149@example.com,+1-555-5750,2023-04-09 15:00:00,PRD152,Product 152,Clothing,9,399.92,0.24,0.08,17.48,2971.77,Cash on Delivery,Pending,1081 Main St,City41,OH,53082,USA
ORD100416,CUST5366,Customer 5366,customer5366@example.com,+1-555-6775,2023-02-19 05:00:00,PRD738,Product 738,Toys,10,774.64,0.09,0.08,9.7,7622.86,Cash on Delivery,Shipped,2552 Main St,City63,TX,93507,USA
ORD100417,CUST4771,Customer 4771,customer4771@example.com,+1-555-4765,2023-06-14 17:00:00,PRD684,Product 684,Clothing,5,955.46,0.29,0.08,13.62,3676.85,Debit Card,Pending,6603 Main St,City41,OH,83107,USA
ORD100418,CUST4835,Customer 4835,customer4835@example.com,+1-555-8408,2023-10-18 05:00:00,PRD600,Product 600,Books,6,763.35,0.2,0.08,18.65,3975.86,PayPal,Processing,6749 Main St,City93,IL,36621,USA
ORD100419,CUST2300,Customer 2300,customer2300@example.com,+1-555-4451,2023-05-29 12:00:00,PRD544,Product 544,Clothing,7,931.99,0.28,0.08,13.72,5086.73,PayPal,Cancelled,5312 Main St,City64,IL,69904,USA
ORD100420,CUST4098,Customer 4098,customer4098@example.com,+1-555-8643,2023-09-30 13:00:00,PRD961,Product 961,Sports,2,499.04,0.08,0.08,23.78,1015.47,PayPal,Cancelled,6541 Main St,City91,MI,84092,USA
ORD100421,CUST2989,Customer 2989,customer2989@example.com,+1-555-2578,2023-11-24 19:00:00,PRD320,Product 320,Health,6,908.92,0.04,0.08,20.93,5675.14,Cash on Delivery,Cancelled,1465 Main St,City45,NC,83542,USA
ORD100422,CUST5512,Customer 5512,customer5512@example.com,+1-555-7110,2023-01-21 02:00:00,PRD857,Product 857,Electronics,6,82.72,0.18,0.08,10.08,449.62,Bank Transfer,Pending,8417 Main St,City48,MI,81815,USA
ORD100423,CUST6687,Customer 6687,customer6687@example.com,+1-555-5854,2023-03-16 09:00:00,PRD363,Product 363,Sports,2,555.36,0.26,0.08,19.29,906.98,Credit Card,Processing,2033 Main St,City3,OH,89725,USA
ORD100424,CUST4299,Customer 4299,customer4299@example.com,+1-555-2100,2023-01-11 16:00:00,PRD310,Product 310,Clothing,4,382.13,0.19,0.08,17.36,1354.51,Cash on Delivery,Pending,388 Main St,City46,GA,35783,USA
ORD100425,CUST6379,Customer 6379,customer6379@example.com,+1-555-3355,2023-01-08 00:00:00,PRD970,Product 970,Books,3,614.02,0.29,0.08,15.93,1428.42,Cash on Delivery,Pending,912 Main St,City39,IL,49094,USA
ORD100426,CUST1269,Customer 1269,customer1269@example.com,+1-555-1764,2023-12-25 16:00:00,PRD669,Product 669,Health,5,960.18,0.05,0.08,9.5,4935.22,Cash on Delivery,Delivered,5742 Main St,City84,FL,41084,USA
ORD100427,CUST7287,Customer 7287,customer7287@example.com,+1-555-6669,2023-09-08 04:00:00,PRD233,Product 233,Toys,10,853.53,0.09,0.08,16.25,8404.74,Debit Card,Cancelled,6606 Main St,City33,OH,17828,USA
ORD100428,CUST4243,Customer 4243,customer4243@example.com,+1-555-3383,2023-07-12 17:00:00,PRD987,Product 987,Home & Garden,5,938.69,0.25,0.08,19.11,3820.8,Credit Card,Cancelled,2611 Main St,City94,CA,21276,USA
ORD100429,CUST3284,Customer 3284,customer3284@example.com,+1-555-7892,2023-03-04 19:00:00,PRD236,Product 236,Electronics,10,285.64,0.24,0.08,20.5,2365.03,Debit Card,Pending,4141 Main St,City42,PA,56655,USA
ORD100430,CUST7081,Customer 7081,customer7081@example.com,+1-555-3808,2023-06-27 07:00:00,PRD491,Product 491,Sports,6,391.03,0.18,0.08,8.73,2086.51,Bank Transfer,Processing,3403 Main St,City48,NC,20531,USA
ORD100431,CUST3559,Customer 3559,customer3559@example.com,+1-555-9547,2023-08-28 18:00:00,PRD417,Product 417,Electronics,4,548.23,0.11,0.08,18.59,2126.42,Cash on Delivery,Pending,9819 Main St,City51,CA,26250,USA
ORD100432,CUST6993,Customer 6993,customer6993@example.com,+1-555-8880,2023-12-30 19:00:00,PRD642,Product 642,Toys,9,97.58,0.15,0.08,17.57,823.78,PayPal,Delivered,6318 Main St,City75,NY,98790,USA
ORD100433,CUST1523,Customer 1523,customer1523@example.com,+1-555-7361,2023-11-10 04:00:00,PRD548,Product 548,Home & Garden,2,762.53,0.3,0.08,13.83,1166.78,PayPal,Processing,4686 Main St,City40,OH,10195,USA
ORD100434,CUST8162,Customer 8162,customer8162@example.com,+1-555-2285,2023-05-08 02:00:00,PRD677,Product 677,Automotive,7,426.92,0.23,0.08,11.04,2496.23,Debit Card,Processing,4226 Main St,City24,IL,58370,USA
ORD100435,CUST5459,Customer 5459,customer5459@example.com,+1-555-3265,2023-07-20 13:00:00,PRD359,Product 359,Home & Garden,8,432.65,0.14,0.08,18.08,3232.84,Credit Card,Delivered,2439 Main St,City24,OH,32233,USA
ORD100436,CUST9304,Customer 9304,customer9304@example.com,+1-555-1598,2023-01-12 14:00:00,PRD212,Product 212,Health,3,819.09,0.27,0.08,8.52,1945.83,PayPal,Pending,3700 Main St,City38,CA,38637,USA
ORD100437,CUST2650,Customer 2650,customer2650@example.com,+1-555-2090,2023-04-13 05:00:00,PRD658,Product 658,Home & Garden,2,108.63,0.1,0.08,16.61,227.79,Credit Card,Shipped,5089 Main St,City94,FL,86814,USA
ORD100438,CUST3720,Customer 3720,customer3720@example.com,+1-555-5812,2023-11-29 15:00:00,PRD942,Product 942,Health,10,948.91,0.16,0.08,23.58,8632.09,Cash on Delivery,Shipped,1316 Main St,City26,NC,49943,USA
ORD100439,CUST8193,Customer 8193,customer8193@example.com,+1-555-1744,2023-08-08 12:00:00,PRD338,Product 338,Clothing,2,904.22,0.04,0.08,24.06,1899.05,Debit Card,Cancelled,4904 Main St,City26,IL,66623,USA
ORD100440,CUST5503,Customer 5503,customer5503@example.com,+1-555-2713,2023-06-07 18:00:00,PRD818,Product 818,Automotive,9,537.12,0.12,0.08,5.25,4599.56,Cash on Delivery,Processing,9894 Main St,City3,PA,70833,USA
ORD100441,CUST8632,Customer 8632,customer8632@example.com,+1-555-2006,2023-01-19 07:00:00,PRD387,Product 387,Books,4,203.55,0.04,0.08,22.52,866.68,Debit Card,Cancelled,4317 Main St,City90,NC,39614,USA
ORD100442,CUST7803,Customer 7803,customer7803@example.com,+1-555-3737,2023-05-17 10:00:00,PRD427,Product 427,Sports,5,490.32,0.03,0.08,21.9,2590.2,Debit Card,Delivered,3492 Main St,City35,PA,27206,USA
ORD100443,CUST4899,Customer 4899,customer4899@example.com,+1-555-1289,2023-01-08 16:00:00,PRD475,Product 475,Electronics,5,435.56,0.13,0.08,23.36,2069.62,Cash on Delivery,Processing,132 Main St,City22,TX,78172,USA
ORD100444,CUST3237,Customer 3237,customer3237@example.com,+1-555-4995,2023-09-13 22:00:00,PRD754,Product 754,Electronics,5,165.36,0.01,0.08,13.96,897.97,Bank Transfer,Processing,3620 Main St,City92,NC,78015,USA
ORD100445,CUST9511,Customer 9511,customer9511@example.com,+1-555-1547,2023-06-03 20:00:00,PRD515,Product 515,Home & Garden,6,385.87,0.03,0.08,7.47,2432.89,Credit Card,Delivered,3473 Main St,City37,TX,20972,USA
ORD100446,CUST8935,Customer 8935,customer8935@example.com,+1-555-9425,2023-06-15 23:00:00,PRD133,Product 133,Books,5,160.44,0.09,0.08,23.67,812.07,Cash on Delivery,Cancelled,952 Main St,City19,IL,49909,USA
ORD100447,CUST2410,Customer 2410,customer2410@example.com,+1-555-7456,2023-09-17 09:00:00,PRD596,Product 596,Sports,10,910.41,0.15,0.08,17.91,8375.47,Cash on Delivery,Processing,8501 Main St,City63,PA,31725,USA
ORD100448,CUST4206,Customer 4206,customer4206@example.com,+1-555-8331,2023-01-02 05:00:00,PRD548,Product 548,Toys,6,94.66,0.14,0.08,18.31,545.83,Debit Card,Shipped,2748 Main St,City38,MI,73806,USA
ORD100449,CUST3351,Customer 3351,customer3351@example.com,+1-555-7858,2023-11-13 17:00:00,PRD417,Product 417,Sports,10,129.22,0.11,0.08,16.76,1258.82,PayPal,Pending,623 Main St,City44,IL,59625,USA
ORD100450,CUST7885,Customer 7885,customer7885@example.com,+1-555-6871,2023-11-05 10:00:00,PRD822,Product 822,Sports,5,355.73,0.04,0.08,16.75,1860.85,Cash on Delivery,Processing,8620 Main St,City39,TX,20599,USA
ORD100451,CUST1679,Customer 1679,customer1679@example.com,+1-555-1619,2023-05-12 07:00:00,PRD317,Product 317,Books,10,221.57,0.17,0.08,11.22,1997.37,Bank Transfer,Shipped,2343 Main St,City18,NY,98234,USA
ORD100452,CUST6490,Customer 6490,customer6490@example.com,+1-555-9900,2023-08-03 04:00:00,PRD886,Product 886,Automotive,1,60.53,0.13,0.08,14.83,71.7,Debit Card,Cancelled,8174 Main St,City96,GA,37472,USA
ORD100453,CUST3466,Customer 3466,customer3466@example.com,+1-555-6231,2023-07-13 05:00:00,PRD830,Product 830,Home & Garden,9,313.65,0.29,0.08,11.61,2176.17,Credit Card,Delivered,7649 Main St,City39,MI,92156,USA
ORD100454,CUST6072,Customer 6072,customer6072@example.com,+1-555-7042,2023-11-12 12:00:00,PRD612,Product 612,Clothing,10,742.01,0.04,0.08,23.5,7716.66,Debit Card,Cancelled,1399 Main St,City17,CA,97826,USA
ORD100455,CUST3625,Customer 3625,customer3625@example.com,+1-555-6170,2023-08-25 02:00:00,PRD476,Product 476,Books,10,904.11,0.05,0.08,9.4,9285.57,Debit Card,Pending,219 Main St,City48,NY,41564,USA
ORD100456,CUST7969,Customer 7969,customer7969@example.com,+1-555-8832,2023-09-10 19:00:00,PRD997,Product 997,Health,7,515.07,0.17,0.08,11.41,3243.37,PayPal,Processing,7225 Main St,City94,OH,42883,USA
ORD100457,CUST8447,Customer 8447,customer8447@example.com,+1-555-2691,2023-03-17 18:00:00,PRD963,Product 963,Home & Garden,7,342.67,0.25,0.08,7.85,1950.79,Debit Card,Processing,7901 Main St,City46,MI,24819,USA
ORD100458,CUST6279,Customer 6279,customer6279@example.com,+1-555-4937,2023-10-06 21:00:00,PRD319,Product 319,Clothing,4,599.27,0.05,0.08,19.05,2478.45,Debit Card,Delivered,2315 Main St,City27,MI,52736,USA
ORD100459,CUST6130,Customer 6130,customer6130@example.com,+1-555-4453,2023-05-16 13:00:00,PRD841,Product 841,Home & Garden,5,64.92,0.24,0.08,11.6,278.03,Debit Card,Processing,6636 Main St,City27,TX,88839,USA
ORD100460,CUST7694,Customer 7694,customer7694@example.com,+1-555-4038,2023-02-16 10:00:00,PRD964,Product 964,Sports,3,194.6,0.22,0.08,15.25,507.04,Bank Transfer,Cancelled,4409 Main St,City45,IL,67021,USA
ORD100461,CUST2475,Customer 2475,customer2475@example.com,+1-555-7976,2023-06-27 10:00:00,PRD327,Product 327,Electronics,6,536.63,0.14,0.08,24.43,3014.96,Credit Card,Pending,3729 Main St,City100,OH,57507,USA
ORD100462,CUST6407,Customer 6407,customer6407@example.com,+1-555-9320,2023-09-23 07:00:00,PRD772,Product 772,Clothing,8,270.47,0.02,0.08,21.9,2312.02,PayPal,Pending,1067 Main St,City49,FL,43371,USA
ORD100463,CUST3530,Customer 3530,customer3530@example.com,+1-555-3611,2023-08-06 05:00:00,PRD840,Product 840,Health,8,888.37,0.11,0.08,18.74,6849.95,PayPal,Pending,2982 Main St,City76,TX,51093,USA
ORD100464,CUST1938,Customer 1938,customer1938@example.com,+1-555-6699,2023-11-20 05:00:00,PRD760,Product 760,Automotive,10,83.88,0.21,0.08,13.39,729.05,Credit Card,Processing,5345 Main St,City25,IL,47596,USA
ORD100465,CUST6867,Customer 6867,customer6867@example.com,+1-555-9348,2023-06-09 10:00:00,PRD173,Product 173,Sports,6,624.39,0.26,0.08,14.3,3008.37,Credit Card,Shipped,9527 Main St,City51,FL,88569,USA
ORD100466,CUST5034,Customer 5034,customer5034@example.com,+1-555-5013,2023-05-25 12:00:00,PRD444,Product 444,Books,2,262.74,0.23,0.08,24.2,461.19,Debit Card,Delivered,9752 Main St,City83,NC,14382,USA
ORD100467,CUST8806,Customer 8806,customer8806@example.com,+1-555-9889,2023-10-15 18:00:00,PRD839,Product 839,Sports,6,495.35,0.17,0.08,8.72,2672.91,Cash on Delivery,Pending,2123 Main St,City9,NC,65288,USA
ORD100468,CUST2644,Customer 2644,customer2644@example.com,+1-555-2206,2023-02-10 09:00:00,PRD718,Product 718,Clothing,10,477.71,0.11,0.08,15.68,4607.43,Credit Card,Processing,4321 Main St,City77,NY,50238,USA
ORD100469,CUST3421,Customer 3421,customer3421@example.com,+1-555-1345,2023-05-19 08:00:00,PRD978,Product 978,Clothing,7,750.44,0.28,0.08,14.39,4099.19,Cash on Delivery,Cancelled,5348 Main St,City37,PA,98665,USA
ORD100470,CUST9369,Customer 9369,customer9369@example.com,+1-555-6418,2023-12-07 18:00:00,PRD387,Product 387,Sports,5,597.78,0.18,0.08,16.86,2663.83,Bank Transfer,Delivered,5658 Main St,City73,GA,76139,USA
ORD100471,CUST1783,Customer 1783,customer1783@example.com,+1-555-4184,2023-08-07 06:00:00,PRD455,Product 455,Electronics,4,25.67,0.16,0.08,19.95,113.1,Debit Card,Shipped,1748 Main St,City63,OH,85720,USA
ORD100472,CUST8520,Customer 8520,customer8520@example.com,+1-555-2960,2023-09-12 20:00:00,PRD196,Product 196,Automotive,6,347.47,0.29,0.08,17.99,1616.63,Credit Card,Cancelled,7414 Main St,City97,MI,66049,USA
ORD100473,CUST6833,Customer 6833,customer6833@example.com,+1-555-1273,2023-12-23 12:00:00,PRD231,Product 231,Sports,5,978.46,0.12,0.08,7.14,4656.78,PayPal,Cancelled,9548 Main St,City81,FL,72294,USA
ORD100474,CUST5514,Customer 5514,customer5514@example.com,+1-555-5415,2023-02-10 08:00:00,PRD346,Product 346,Clothing,6,704.81,0.24,0.08,8.46,3479.51,Cash on Delivery,Shipped,4509 Main St,City47,TX,68841,USA
ORD100475,CUST8335,Customer 8335,customer8335@example.com,+1-555-2378,2023-06-21 23:00:00,PRD161,Product 161,Automotive,8,816.97,0.05,0.08,7.91,6713.6,Credit Card,Delivered,8143 Main St,City70,MI,26833,USA
ORD100476,CUST8267,Customer 8267,customer8267@example.com,+1-555-7023,2023-05-21 15:00:00,PRD881,Product 881,Clothing,10,57.37,0.19,0.08,14.14,516.01,PayPal,Cancelled,2931 Main St,City2,MI,91784,USA
ORD100477,CUST7049,Customer 7049,customer7049@example.com,+1-555-3928,2023-07-16 12:00:00,PRD421,Product 421,Sports,1,217.31,0.17,0.08,12.28,207.08,Cash on Delivery,Cancelled,2630 Main St,City95,CA,40200,USA
ORD100478,CUST7738,Customer 7738,customer7738@example.com,+1-555-2251,2023-03-08 07:00:00,PRD190,Product 190,Toys,7,517.39,0.03,0.08,23.6,3817.72,Credit Card,Processing,2600 Main St,City62,NY,61037,USA
ORD100479,CUST7016,Customer 7016,customer7016@example.com,+1-555-6685,2023-07-03 22:00:00,PRD198,Product 198,Home & Garden,3,592.26,0.11,0.08,24.77,1732.61,Debit Card,Pending,8050 Main St,City24,NC,16061,USA
ORD100480,CUST8253,Customer 8253,customer8253@example.com,+1-555-8967,2023-01-13 13:00:00,PRD926,Product 926,Clothing,3,966.9,0.07,0.08,9.38,2922.84,Cash on Delivery,Delivered,9668 Main St,City63,OH,22213,USA
ORD100481,CUST2901,Customer 2901,customer2901@example.com,+1-555-5831,2023-05-03 21:00:00,PRD594,Product 594,Books,9,365.08,0.08,0.08,10.08,3274.77,Credit Card,Processing,2521 Main St,City91,CA,42157,USA
ORD100482,CUST8372,Customer 8372,customer8372@example.com,+1-555-8680,2023-02-12 00:00:00,PRD932,Product 932,Electronics,6,148.31,0.0,0.08,7.67,968.72,PayPal,Shipped,2463 Main St,City28,OH,96747,USA
ORD100483,CUST2337,Customer 2337,customer2337@example.com,+1-555-9359,2023-05-28 07:00:00,PRD633,Product 633,Home & Garden,4,32.25,0.22,0.08,16.65,125.32,Debit Card,Delivered,2967 Main St,City49,TX,10248,USA
ORD100484,CUST9278,Customer 9278,customer9278@example.com,+1-555-5284,2023-07-16 05:00:00,PRD427,Product 427,Automotive,5,801.75,0.23,0.08,24.65,3358.33,Debit Card,Delivered,1884 Main St,City61,TX,55745,USA
ORD100485,CUST8802,Customer 8802,customer8802@example.com,+1-555-3296,2023-10-09 12:00:00,PRD556,Product 556,Sports,3,787.53,0.08,0.08,9.9,2357.37,Bank Transfer,Shipped,1275 Main St,City79,IL,39413,USA
ORD100486,CUST7570,Customer 7570,customer7570@example.com,+1-555-2923,2023-07-17 05:00:00,PRD970,Product 970,Clothing,2,860.12,0.03,0.08,10.28,1812.4,Credit Card,Pending,1403 Main St,City15,MI,28254,USA
ORD100487,CUST5685,Customer 5685,customer5685@example.com,+1-555-5314,2023-04-23 16:00:00,PRD122,Product 122,Electronics,9,468.62,0.06,0.08,10.73,4292.42,PayPal,Pending,6564 Main St,City27,FL,12649,USA
ORD100488,CUST8526,Customer 8526,customer8526@example.com,+1-555-4321,2023-04-02 01:00:00,PRD623,Product 623,Electronics,3,119.55,0.04,0.08,5.06,376.91,Bank Transfer,Processing,866 Main St,City32,TX,85590,USA
ORD100489,CUST5701,Customer 5701,customer5701@example.com,+1-555-3009,2023-01-16 17:00:00,PRD707,Product 707,Electronics,2,562.95,0.22,0.08,17.65,966.11,PayPal,Shipped,8987 Main St,City13,TX,80273,USA
ORD100490,CUST4852,Customer 4852,customer4852@example.com,+1-555-9249,2023-03-11 05:00:00,PRD870,Product 870,Toys,8,985.05,0.16,0.08,13.25,7162.35,PayPal,Shipped,4981 Main St,City15,MI,18784,USA
ORD100491,CUST8175,Customer 8175,customer8175@example.com,+1-555-5303,2023-02-06 07:00:00,PRD682,Product 682,Home & Garden,9,732.37,0.08,0.08,13.32,6562.47,PayPal,Shipped,8424 Main St,City9,PA,54792,USA
ORD100492,CUST1955,Customer 1955,customer1955@example.com,+1-555-7152,2023-01-25 02:00:00,PRD416,Product 416,Electronics,3,479.24,0.23,0.08,8.67,1204.28,Bank Transfer,Cancelled,9898 Main St,City94,CA,93537,USA
ORD100493,CUST5277,Customer 5277,customer5277@example.com,+1-555-8732,2023-10-27 08:00:00,PRD739,Product 739,Health,10,93.28,0.24,0.08,9.78,775.42,Debit Card,Delivered,116 Main St,City28,FL,74196,USA
ORD100494,CUST3371,Customer 3371,customer3371@example.com,+1-555-8809,2023-05-19 05:00:00,PRD580,Product 580,Toys,6,782.97,0.12,0.08,13.33,4478.14,PayPal,Pending,6601 Main St,City88,PA,26538,USA
ORD100495,CUST9117,Customer 9117,customer9117@example.com,+1-555-4409,2023-11-06 12:00:00,PRD619,Product 619,Sports,2,197.82,0.08,0.08,19.26,412.37,PayPal,Processing,6208 Main St,City81,IL,49272,USA
ORD100496,CUST7593,Customer 7593,customer7593@example.com,+1-555-4853,2023-12-24 20:00:00,PRD980,Product 980,Home & Garden,3,114.1,0.26,0.08,18.27,291.84,Bank Transfer,Processing,3282 Main St,City78,IL,21041,USA
ORD100497,CUST6450,Customer 6450,customer6450@example.com,+1-555-4056,2023-06-11 07:00:00,PRD401,Product 401,Sports,4,195.79,0.19,0.08,10.96,696.07,PayPal,Cancelled,7444 Main St,City35,MI,14456,USA
ORD100498,CUST4493,Customer 4493,customer4493@example.com,+1-555-6346,2023-12-02 04:00:00,PRD395,Product 395,Sports,10,726.07,0.08,0.08,24.51,7238.74,Cash on Delivery,Shipped,4209 Main St,City4,PA,84543,USA
ORD100499,CUST7237,Customer 7237,customer7237@example.com,+1-555-3281,2023-03-22 22:00:00,PRD292,Product 292,Health,8,722.88,0.04,0.08,9.26,6005.12,Credit Card,Delivered,4345 Main St,City96,FL,83780,USA
ORD100500,CUST7907,Customer 7907,customer7907@example.com,+1-555-7696,2023-12-19 03:00:00,PRD772,Product 772,Home & Garden,7,70.47,0.3,0.08,18.99,391.92,Debit Card,Shipped,9464 Main St,City12,NY,23509,USA
ORD100501,CUST8512,Customer 8512,customer8512@example.com,+1-555-1221,2023-02-03 15:00:00,PRD527,Product 527,Toys,4,725.6,0.17,0.08,17.32,2619.03,Bank Transfer,Cancelled,1261 Main St,City56,MI,88255,USA
ORD100502,CUST3663,Customer 3663,customer3663@example.com,+1-555-2539,2023-01-16 17:00:00,PRD741,Product 741,Books,1,308.2,0.13,0.08,23.11,312.69,Cash on Delivery,Shipped,1024 Main St,City39,MI,87380,USA
ORD100503,CUST4197,Customer 4197,customer4197@example.com,+1-555-5042,2023-11-10 17:00:00,PRD317,Product 317,Sports,2,369.9,0.18,0.08,23.55,678.72,Credit Card,Processing,1214 Main St,City3,OH,48615,USA
ORD100504,CUST9998,Customer 9998,customer9998@example.com,+1-555-5863,2023-10-31 19:00:00,PRD749,Product 749,Home & Garden,7,519.67,0.02,0.08,23.86,3873.99,Cash on Delivery,Processing,925 Main St,City64,GA,88849,USA
ORD100505,CUST3742,Customer 3742,customer3742@example.com,+1-555-3532,2023-05-23 01:00:00,PRD836,Product 836,Sports,2,145.58,0.04,0.08,5.69,307.56,Cash on Delivery,Delivered,8978 Main St,City39,OH,83648,USA
ORD100506,CUST8116,Customer 8116,customer8116@example.com,+1-555-1416,2023-11-10 18:00:00,PRD473,Product 473,Home & Garden,6,783.93,0.1,0.08,5.6,4577.48,Debit Card,Processing,7018 Main St,City60,GA,70164,USA
ORD100507,CUST8057,Customer 8057,customer8057@example.com,+1-555-7275,2023-06-18 15:00:00,PRD555,Product 555,Sports,7,43.63,0.13,0.08,20.45,307.41,Debit Card,Delivered,4598 Main St,City37,PA,87487,USA
ORD100508,CUST1108,Customer 1108,customer1108@example.com,+1-555-2581,2023-10-25 05:00:00,PRD881,Product 881,Sports,7,953.92,0.23,0.08,14.72,5567.68,Bank Transfer,Cancelled,6930 Main St,City44,NC,18591,USA
ORD100509,CUST5700,Customer 5700,customer5700@example.com,+1-555-1867,2023-10-27 05:00:00,PRD537,Product 537,Automotive,7,266.3,0.24,0.08,9.81,1539.86,Bank Transfer,Processing,7417 Main St,City62,PA,51682,USA
ORD100510,CUST3873,Customer 3873,customer3873@example.com,+1-555-5992,2023-01-04 22:00:00,PRD765,Product 765,Sports,2,550.27,0.14,0.08,10.03,1032.21,Bank Transfer,Shipped,2266 Main St,City16,IL,61632,USA
ORD100511,CUST3763,Customer 3763,customer3763@example.com,+1-555-2351,2023-09-24 13:00:00,PRD552,Product 552,Home & Garden,3,540.44,0.06,0.08,19.76,1665.72,Debit Card,Pending,4781 Main St,City25,NY,91377,USA
ORD100512,CUST6286,Customer 6286,customer6286@example.com,+1-555-5568,2023-05-26 08:00:00,PRD304,Product 304,Health,10,515.48,0.22,0.08,20.74,4363.14,Credit Card,Cancelled,3402 Main St,City60,IL,20784,USA
ORD100513,CUST7049,Customer 7049,customer7049@example.com,+1-555-7054,2023-09-29 18:00:00,PRD517,Product 517,Sports,2,76.66,0.3,0.08,9.36,125.27,Bank Transfer,Processing,3175 Main St,City85,MI,74809,USA
ORD100514,CUST8933,Customer 8933,customer8933@example.com,+1-555-9522,2023-06-26 18:00:00,PRD840,Product 840,Sports,1,29.71,0.08,0.08,15.49,45.01,Debit Card,Pending,7982 Main St,City84,NY,16487,USA
ORD100515,CUST6428,Customer 6428,customer6428@example.com,+1-555-2411,2023-06-25 10:00:00,PRD576,Product 576,Sports,6,364.46,0.29,0.08,6.08,1682.89,Debit Card,Processing,5409 Main St,City47,MI,60499,USA
ORD100516,CUST7585,Customer 7585,customer7585@example.com,+1-555-2112,2023-07-11 02:00:00,PRD775,Product 775,Electronics,6,530.28,0.05,0.08,8.77,3273.17,Debit Card,Shipped,9531 Main St,City16,PA,64970,USA
ORD100517,CUST6027,Customer 6027,customer6027@example.com,+1-555-1059,2023-04-09 13:00:00,PRD587,Product 587,Home & Garden,1,872.38,0.01,0.08,9.74,942.49,Debit Card,Shipped,3310 Main St,City15,TX,58854,USA
ORD100518,CUST2555,Customer 2555,customer2555@example.com,+1-555-9683,2023-01-13 03:00:00,PRD796,Product 796,Health,7,78.3,0.27,0.08,11.77,443.89,Debit Card,Cancelled,1737 Main St,City39,OH,11674,USA
ORD100519,CUST2733,Customer 2733,customer2733@example.com,+1-555-5682,2023-07-16 23:00:00,PRD467,Product 467,Toys,8,955.43,0.15,0.08,8.57,7025.25,Cash on Delivery,Shipped,9863 Main St,City36,NC,32608,USA
ORD100520,CUST6829,Customer 6829,customer6829@example.com,+1-555-1413,2023-01-21 00:00:00,PRD445,Product 445,Sports,1,593.47,0.23,0.08,15.39,508.92,Debit Card,Shipped,3912 Main St,City84,GA,49929,USA
ORD100521,CUST6341,Customer 6341,customer6341@example.com,+1-555-5007,2023-02-26 11:00:00,PRD593,Product 593,Sports,4,161.8,0.16,0.08,10.61,597.75,Debit Card,Pending,5359 Main St,City61,IL,58144,USA
ORD100522,CUST3942,Customer 3942,customer3942@example.com,+1-555-2636,2023-11-07 16:00:00,PRD697,Product 697,Books,1,472.29,0.17,0.08,7.42,430.78,Cash on Delivery,Pending,7533 Main St,City97,CA,51544,USA
ORD100523,CUST4984,Customer 4984,customer4984@example.com,+1-555-5120,2023-06-16 21:00:00,PRD816,Product 816,Sports,6,626.1,0.19,0.08,22.17,3308.44,Credit Card,Pending,4005 Main St,City11,FL,93842,USA
ORD100524,CUST7400,Customer 7400,customer7400@example.com,+1-555-8162,2023-05-30 18:00:00,PRD731,Product 731,Sports,9,916.68,0.02,0.08,17.62,8749.55,Cash on Delivery,Cancelled,6350 Main St,City9,FL,88181,USA
ORD100525,CUST3076,Customer 3076,customer3076@example.com,+1-555-7348,2023-05-10 15:00:00,PRD411,Product 411,Electronics,1,38.76,0.13,0.08,8.01,44.43,PayPal,Processing,1089 Main St,City57,TX,98476,USA
ORD100526,CUST8899,Customer 8899,customer8899@example.com,+1-555-7743,2023-07-07 13:00:00,PRD179,Product 179,Books,6,77.19,0.19,0.08,5.06,410.21,Debit Card,Cancelled,5150 Main St,City80,TX,24132,USA
ORD100527,CUST1899,Customer 1899,customer1899@example.com,+1-555-9666,2023-04-08 11:00:00,PRD536,Product 536,Books,8,249.7,0.13,0.08,10.29,1887.23,Debit Card,Shipped,6694 Main St,City91,MI,19134,USA
ORD100528,CUST9204,Customer 9204,customer9204@example.com,+1-555-6395,2023-05-09 04:00:00,PRD356,Product 356,Toys,1,149.91,0.16,0.08,5.12,141.12,Cash on Delivery,Shipped,5483 Main St,City12,NC,59001,USA
ORD100529,CUST1436,Customer 1436,customer1436@example.com,+1-555-9191,2023-08-30 11:00:00,PRD406,Product 406,Books,5,618.36,0.03,0.08,7.62,3246.59,Debit Card,Cancelled,3505 Main St,City51,OH,78404,USA
ORD100530,CUST3463,Customer 3463,customer3463@example.com,+1-555-2457,2023-04-20 10:00:00,PRD189,Product 189,Books,8,416.44,0.12,0.08,9.8,3176.08,Bank Transfer,Shipped,9369 Main St,City40,OH,54795,USA
ORD100531,CUST9110,Customer 9110,customer9110@example.com,+1-555-4271,2023-07-05 08:00:00,PRD600,Product 600,Home & Garden,8,248.35,0.14,0.08,23.64,1868.98,Credit Card,Processing,830 Main St,City77,TX,49131,USA
ORD100532,CUST5591,Customer 5591,customer5591@example.com,+1-555-9753,2023-04-17 08:00:00,PRD880,Product 880,Sports,9,230.58,0.03,0.08,19.03,2193.03,Credit Card,Cancelled,2353 Main St,City33,OH,56441,USA
ORD100533,CUST6503,Customer 6503,customer6503@example.com,+1-555-6800,2023-12-03 14:00:00,PRD491,Product 491,Books,5,289.97,0.01,0.08,7.62,1557.8,Bank Transfer,Delivered,5847 Main St,City87,GA,59797,USA
ORD100534,CUST2500,Customer 2500,customer2500@example.com,+1-555-8238,2023-02-02 12:00:00,PRD680,Product 680,Books,10,706.91,0.14,0.08,20.77,6586.55,Cash on Delivery,Cancelled,6891 Main St,City24,GA,94016,USA
ORD100535,CUST1396,Customer 1396,customer1396@example.com,+1-555-1746,2023-01-10 01:00:00,PRD814,Product 814,Electronics,5,996.27,0.23,0.08,15.17,4157.66,Debit Card,Cancelled,156 Main St,City15,GA,28228,USA
ORD100536,CUST1148,Customer 1148,customer1148@example.com,+1-555-1823,2023-09-22 07:00:00,PRD539,Product 539,Health,9,741.78,0.1,0.08,21.2,6510.29,Credit Card,Delivered,7024 Main St,City73,TX,62389,USA
ORD100537,CUST5400,Customer 5400,customer5400@example.com,+1-555-7157,2023-05-31 05:00:00,PRD447,Product 447,Home & Garden,6,237.33,0.14,0.08,7.22,1329.81,Debit Card,Processing,7091 Main St,City66,MI,91953,USA
ORD100538,CUST3531,Customer 3531,customer3531@example.com,+1-555-7805,2023-05-12 19:00:00,PRD179,Product 179,Automotive,4,91.26,0.09,0.08,16.16,374.92,Bank Transfer,Cancelled,6840 Main St,City31,IL,18493,USA
ORD100539,CUST3395,Customer 3395,customer3395@example.com,+1-555-3401,2023-06-26 19:00:00,PRD920,Product 920,Sports,7,103.84,0.19,0.08,17.68,653.55,PayPal,Processing,1513 Main St,City92,FL,56534,USA
ORD100540,CUST5003,Customer 5003,customer5003@example.com,+1-555-2039,2023-09-20 21:00:00,PRD419,Product 419,Sports,9,290.92,0.0,0.08,10.74,2838.48,Debit Card,Processing,3013 Main St,City78,NC,17387,USA
ORD100541,CUST8680,Customer 8680,customer8680@example.com,+1-555-7251,2023-07-20 23:00:00,PRD498,Product 498,Sports,5,192.25,0.01,0.08,22.41,1050.18,Cash on Delivery,Shipped,2486 Main St,City77,IL,60528,USA
ORD100542,CUST2488,Customer 2488,customer2488@example.com,+1-555-1564,2023-06-24 14:00:00,PRD682,Product 682,Health,6,757.75,0.22,0.08,20.06,3850.03,Credit Card,Shipped,8350 Main St,City38,NY,72611,USA
ORD100543,CUST3836,Customer 3836,customer3836@example.com,+1-555-7371,2023-12-13 21:00:00,PRD181,Product 181,Electronics,8,688.36,0.29,0.08,9.95,4232.63,Bank Transfer,Shipped,2920 Main St,City92,PA,52839,USA
ORD100544,CUST4146,Customer 4146,customer4146@example.com,+1-555-7392,2023-02-01 04:00:00,PRD927,Product 927,Automotive,5,745.36,0.1,0.08,24.69,3647.14,Credit Card,Delivered,5652 Main St,City4,CA,42242,USA
ORD100545,CUST7108,Customer 7108,customer7108@example.com,+1-555-7872,2023-02-18 22:00:00,PRD359,Product 359,Automotive,1,138.93,0.16,0.08,8.69,134.73,Cash on Delivery,Pending,7403 Main St,City56,CA,70792,USA
ORD100546,CUST8633,Customer 8633,customer8633@example.com,+1-555-5502,2023-07-20 02:00:00,PRD772,Product 772,Books,1,478.42,0.15,0.08,15.37,454.56,Bank Transfer,Pending,7132 Main St,City49,CA,44339,USA
ORD100547,CUST8995,Customer 8995,customer8995@example.com,+1-555-8518,2023-06-05 23:00:00,PRD920,Product 920,Home & Garden,7,431.28,0.08,0.08,7.09,3006.73,Debit Card,Pending,5205 Main St,City13,CA,95619,USA
ORD100548,CUST3476,Customer 3476,customer3476@example.com,+1-555-4324,2023-02-20 23:00:00,PRD598,Product 598,Home & Garden,9,769.31,0.12,0.08,24.67,6605.04,PayPal,Delivered,762 Main St,City33,CA,46714,USA
ORD100549,CUST8119,Customer 8119,customer8119@example.com,+1-555-4881,2023-05-23 12:00:00,PRD872,Product 872,Home & Garden,7,263.27,0.05,0.08,21.34,1912.15,Credit Card,Shipped,662 Main St,City27,TX,71312,USA
ORD100550,CUST7935,Customer 7935,customer7935@example.com,+1-555-4735,2023-04-07 12:00:00,PRD953,Product 953,Home & Garden,2,339.18,0.3,0.08,21.21,534.05,Cash on Delivery,Cancelled,4536 Main St,City95,IL,14106,USA
ORD100551,CUST4248,Customer 4248,customer4248@example.com,+1-555-8439,2023-01-27 15:00:00,PRD862,Product 862,Automotive,4,987.09,0.06,0.08,9.05,4017.43,Credit Card,Pending,7126 Main St,City17,TX,95675,USA
ORD100552,CUST4366,Customer 4366,customer4366@example.com,+1-555-9960,2023-02-08 11:00:00,PRD431,Product 431,Sports,1,647.16,0.13,0.08,5.24,613.31,Debit Card,Shipped,2669 Main St,City73,CA,56486,USA
ORD100553,CUST6401,Customer 6401,customer6401@example.com,+1-555-6553,2023-03-21 08:00:00,PRD808,Product 808,Clothing,10,517.88,0.27,0.08,22.27,4105.24,Credit Card,Pending,5096 Main St,City69,NC,74357,USA
ORD100554,CUST1629,Customer 1629,customer1629@example.com,+1-555-9165,2023-04-14 13:00:00,PRD732,Product 732,Electronics,7,969.68,0.12,0.08,12.78,6463.87,Bank Transfer,Processing,8497 Main St,City99,PA,32420,USA
ORD100555,CUST3270,Customer 3270,customer3270@example.com,+1-555-9420,2023-06-18 04:00:00,PRD480,Product 480,Automotive,3,909.61,0.21,0.08,9.22,2337.46,Credit Card,Processing,4498 Main St,City73,CA,57002,USA
ORD100556,CUST6633,Customer 6633,customer6633@example.com,+1-555-3982,2023-01-08 22:00:00,PRD491,Product 491,Health,1,510.99,0.1,0.08,15.4,512.08,Debit Card,Processing,7729 Main St,City24,GA,77687,USA
ORD100557,CUST4491,Customer 4491,customer4491@example.com,+1-555-8234,2023-02-28 21:00:00,PRD104,Product 104,Toys,6,910.62,0.09,0.08,12.5,5382.24,Bank Transfer,Processing,2426 Main St,City19,NC,83294,USA
ORD100558,CUST7694,Customer 7694,customer7694@example.com,+1-555-2603,2023-08-26 09:00:00,PRD770,Product 770,Automotive,3,640.1,0.28,0.08,17.97,1511.2,Credit Card,Shipped,4201 Main St,City40,MI,36931,USA
ORD100559,CUST4939,Customer 4939,customer4939@example.com,+1-555-4980,2023-11-17 16:00:00,PRD347,Product 347,Clothing,3,878.42,0.05,0.08,11.83,2715.61,Credit Card,Pending,7360 Main St,City85,IL,40666,USA
ORD100560,CUST6632,Customer 6632,customer6632@example.com,+1-555-8576,2023-09-07 03:00:00,PRD255,Product 255,Health,10,913.86,0.21,0.08,8.87,7805.92,PayPal,Pending,9708 Main St,City67,MI,54308,USA
ORD100561,CUST4789,Customer 4789,customer4789@example.com,+1-555-3867,2023-07-28 15:00:00,PRD981,Product 981,Electronics,2,949.27,0.05,0.08,18.19,1966.09,Bank Transfer,Processing,3066 Main St,City10,IL,55124,USA
ORD100562,CUST8095,Customer 8095,customer8095@example.com,+1-555-2415,2023-01-23 13:00:00,PRD536,Product 536,Toys,4,974.61,0.1,0.08,7.11,3796.39,Debit Card,Pending,6516 Main St,City56,NC,75666,USA
ORD100563,CUST2589,Customer 2589,customer2589@example.com,+1-555-9017,2023-05-17 18:00:00,PRD632,Product 632,Automotive,2,58.74,0.17,0.08,18.16,123.47,Credit Card,Processing,6060 Main St,City35,TX,94391,USA
ORD100564,CUST5626,Customer 5626,customer5626@example.com,+1-555-5218,2023-08-24 06:00:00,PRD605,Product 605,Clothing,8,892.92,0.18,0.08,12.89,6339.05,Credit Card,Delivered,4282 Main St,City100,NC,31407,USA
ORD100565,CUST4842,Customer 4842,customer4842@example.com,+1-555-3258,2023-04-29 11:00:00,PRD341,Product 341,Home & Garden,1,320.94,0.04,0.08,9.37,342.12,Credit Card,Shipped,7814 Main St,City32,FL,87651,USA
ORD100566,CUST9337,Customer 9337,customer9337@example.com,+1-555-2915,2023-08-04 03:00:00,PRD286,Product 286,Books,7,461.75,0.01,0.08,12.43,3468.35,Credit Card,Pending,3160 Main St,City4,NC,76799,USA
ORD100567,CUST6270,Customer 6270,customer6270@example.com,+1-555-7470,2023-01-12 08:00:00,PRD171,Product 171,Toys,7,94.51,0.04,0.08,24.18,710.1,Debit Card,Cancelled,7007 Main St,City42,GA,55063,USA
ORD100568,CUST9290,Customer 9290,customer9290@example.com,+1-555-9338,2023-10-12 19:00:00,PRD697,Product 697,Health,10,390.13,0.12,0.08,9.15,3716.95,Debit Card,Shipped,5549 Main St,City58,GA,75324,USA
ORD100569,CUST5493,Customer 5493,customer5493@example.com,+1-555-4635,2023-12-20 11:00:00,PRD798,Product 798,Home & Garden,7,273.21,0.02,0.08,17.77,2041.93,Cash on Delivery,Shipped,8290 Main St,City56,MI,67608,USA
ORD100570,CUST1113,Customer 1113,customer1113@example.com,+1-555-3654,2023-07-05 08:00:00,PRD349,Product 349,Toys,9,308.04,0.28,0.08,22.18,2177.97,Bank Transfer,Shipped,1812 Main St,City28,PA,22072,USA
ORD100571,CUST3852,Customer 3852,customer3852@example.com,+1-555-6247,2023-12-12 07:00:00,PRD936,Product 936,Electronics,4,154.0,0.14,0.08,9.3,581.44,Debit Card,Pending,1115 Main St,City96,IL,87288,USA
ORD100572,CUST7077,Customer 7077,customer7077@example.com,+1-555-5035,2023-06-24 21:00:00,PRD474,Product 474,Electronics,7,869.57,0.13,0.08,23.39,5742.73,Credit Card,Cancelled,5878 Main St,City87,TX,65148,USA
ORD100573,CUST3690,Customer 3690,customer3690@example.com,+1-555-1946,2023-12-11 14:00:00,PRD640,Product 640,Automotive,7,845.04,0.12,0.08,23.79,5645.67,Credit Card,Delivered,7962 Main St,City34,IL,85651,USA
ORD100574,CUST2451,Customer 2451,customer2451@example.com,+1-555-4804,2023-01-14 20:00:00,PRD540,Product 540,Health,5,378.05,0.3,0.08,13.32,1442.35,Debit Card,Cancelled,8552 Main St,City12,PA,89870,USA
ORD100575,CUST6960,Customer 6960,customer6960@example.com,+1-555-2194,2023-07-09 06:00:00,PRD207,Product 207,Toys,10,33.36,0.01,0.08,14.44,371.13,Cash on Delivery,Processing,7041 Main St,City96,TX,80403,USA
ORD100576,CUST2009,Customer 2009,customer2009@example.com,+1-555-4139,2023-12-06 21:00:00,PRD514,Product 514,Automotive,8,310.4,0.13,0.08,13.17,2346.38,Debit Card,Delivered,12 Main St,City39,IL,31763,USA
ORD100577,CUST5748,Customer 5748,customer5748@example.com,+1-555-7338,2023-01-22 10:00:00,PRD432,Product 432,Health,6,86.76,0.13,0.08,23.87,512.99,Debit Card,Processing,8399 Main St,City87,FL,21831,USA
ORD100578,CUST9269,Customer 9269,customer9269@example.com,+1-555-9748,2023-05-05 13:00:00,PRD520,Product 520,Health,1,617.85,0.01,0.08,18.78,679.39,Bank Transfer,Cancelled,4187 Main St,City69,FL,93552,USA
ORD100579,CUST8173,Customer 8173,customer8173@example.com,+1-555-8008,2023-01-24 15:00:00,PRD467,Product 467,Health,10,998.67,0.17,0.08,10.3,8962.38,Credit Card,Cancelled,9409 Main St,City96,NY,65042,USA
ORD100580,CUST3056,Customer 3056,customer3056@example.com,+1-555-6067,2023-11-03 11:00:00,PRD735,Product 735,Books,8,223.74,0.23,0.08,22.45,1510.95,Cash on Delivery,Pending,8615 Main St,City23,GA,36670,USA
ORD100581,CUST3505,Customer 3505,customer3505@example.com,+1-555-7657,2023-05-29 01:00:00,PRD998,Product 998,Electronics,8,283.39,0.23,0.08,14.39,1899.73,PayPal,Cancelled,5619 Main St,City81,OH,62389,USA
ORD100582,CUST6463,Customer 6463,customer6463@example.com,+1-555-2730,2023-04-22 06:00:00,PRD992,Product 992,Clothing,9,102.57,0.21,0.08,14.54,802.15,Credit Card,Processing,2994 Main St,City89,PA,67829,USA
ORD100583,CUST5396,Customer 5396,customer5396@example.com,+1-555-1594,2023-10-29 03:00:00,PRD996,Product 996,Sports,4,742.49,0.02,0.08,19.12,3162.53,Debit Card,Pending,9678 Main St,City51,OH,83925,USA
ORD100584,CUST5080,Customer 5080,customer5080@example.com,+1-555-6840,2023-06-19 22:00:00,PRD782,Product 782,Toys,6,760.59,0.27,0.08,7.27,3605.16,Bank Transfer,Pending,407 Main St,City11,MI,13014,USA
ORD100585,CUST6457,Customer 6457,customer6457@example.com,+1-555-7326,2023-09-05 06:00:00,PRD716,Product 716,Automotive,4,423.34,0.22,0.08,11.64,1438.13,Bank Transfer,Shipped,4416 Main St,City4,MI,93876,USA
ORD100586,CUST4048,Customer 4048,customer4048@example.com,+1-555-9055,2023-05-05 22:00:00,PRD647,Product 647,Health,4,734.55,0.16,0.08,8.25,2673.79,PayPal,Cancelled,7064 Main St,City61,MI,50541,USA
ORD100587,CUST6211,Customer 6211,customer6211@example.com,+1-555-8525,2023-02-06 11:00:00,PRD248,Product 248,Books,2,901.48,0.12,0.08,9.07,1722.6,Credit Card,Shipped,1540 Main St,City12,TX,46388,USA
ORD100588,CUST7189,Customer 7189,customer7189@example.com,+1-555-5475,2023-12-10 20:00:00,PRD394,Product 394,Books,6,145.22,0.13,0.08,16.51,835.2,Cash on Delivery,Processing,4646 Main St,City30,PA,84242,USA
ORD100589,CUST1088,Customer 1088,customer1088@example.com,+1-555-4984,2023-07-21 06:00:00,PRD570,Product 570,Clothing,10,807.39,0.14,0.08,11.37,7510.41,Debit Card,Shipped,9744 Main St,City39,FL,44607,USA
ORD100590,CUST2809,Customer 2809,customer2809@example.com,+1-555-6406,2023-01-20 09:00:00,PRD236,Product 236,Books,2,622.76,0.26,0.08,21.08,1016.5,Credit Card,Shipped,3899 Main St,City15,NY,44698,USA
ORD100591,CUST2444,Customer 2444,customer2444@example.com,+1-555-2231,2023-09-19 18:00:00,PRD878,Product 878,Toys,1,879.37,0.17,0.08,9.94,798.21,Debit Card,Pending,6447 Main St,City26,OH,42578,USA
ORD100592,CUST6421,Customer 6421,customer6421@example.com,+1-555-2181,2023-07-21 04:00:00,PRD681,Product 681,Home & Garden,6,152.85,0.07,0.08,9.37,930.51,PayPal,Cancelled,8106 Main St,City91,NC,24815,USA
ORD100593,CUST6074,Customer 6074,customer6074@example.com,+1-555-2469,2023-03-07 02:00:00,PRD610,Product 610,Books,2,41.36,0.18,0.08,21.66,94.92,Bank Transfer,Pending,2460 Main St,City44,NC,55836,USA
ORD100594,CUST4620,Customer 4620,customer4620@example.com,+1-555-7048,2023-05-10 08:00:00,PRD542,Product 542,Home & Garden,1,895.96,0.03,0.08,23.76,962.37,Credit Card,Pending,1852 Main St,City100,PA,90605,USA
ORD100595,CUST2024,Customer 2024,customer2024@example.com,+1-555-8302,2023-12-15 07:00:00,PRD915,Product 915,Books,6,302.77,0.18,0.08,14.18,1622.98,Credit Card,Shipped,91 Main St,City50,MI,99672,USA
ORD100596,CUST9316,Customer 9316,customer9316@example.com,+1-555-3376,2023-09-20 18:00:00,PRD422,Product 422,Health,6,708.63,0.13,0.08,9.0,4003.97,Cash on Delivery,Pending,455 Main St,City20,TX,42530,USA
ORD100597,CUST8734,Customer 8734,customer8734@example.com,+1-555-2741,2023-10-31 02:00:00,PRD928,Product 928,Home & Garden,9,545.98,0.19,0.08,23.2,4321.81,Cash on Delivery,Pending,8594 Main St,City60,FL,47863,USA
ORD100598,CUST3642,Customer 3642,customer3642@example.com,+1-555-7999,2023-10-13 06:00:00,PRD935,Product 935,Health,10,105.53,0.01,0.08,20.86,1149.19,Bank Transfer,Delivered,8077 Main St,City42,OH,19480,USA
ORD100599,CUST3968,Customer 3968,customer3968@example.com,+1-555-7370,2023-03-05 08:00:00,PRD328,Product 328,Automotive,7,795.87,0.07,0.08,20.96,5616.56,Bank Transfer,Pending,7091 Main St,City100,IL,98766,USA
ORD100600,CUST6338,Customer 6338,customer6338@example.com,+1-555-5692,2023-05-04 23:00:00,PRD159,Product 159,Clothing,7,352.82,0.09,0.08,12.74,2440.0,Debit Card,Pending,5888 Main St,City29,IL,49537,USA
ORD100601,CUST3943,Customer 3943,customer3943@example.com,+1-555-3978,2023-11-09 20:00:00,PRD903,Product 903,Books,10,947.69,0.18,0.08,13.8,8406.54,Cash on Delivery,Delivered,5895 Main St,City24,NY,55719,USA
ORD100602,CUST8524,Customer 8524,customer8524@example.com,+1-555-4238,2023-03-17 06:00:00,PRD118,Product 118,Toys,10,371.21,0.18,0.08,14.34,3301.78,Debit Card,Pending,4034 Main St,City14,PA,76951,USA
ORD100603,CUST7624,Customer 7624,customer7624@example.com,+1-555-2536,2023-04-20 08:00:00,PRD368,Product 368,Clothing,1,295.13,0.04,0.08,14.39,320.38,Credit Card,Processing,3370 Main St,City54,GA,62426,USA
ORD100604,CUST4140,Customer 4140,customer4140@example.com,+1-555-3028,2023-05-29 00:00:00,PRD954,Product 954,Home & Garden,5,949.5,0.26,0.08,18.97,3813.17,PayPal,Shipped,1497 Main St,City55,OH,48714,USA
ORD100605,CUST4138,Customer 4138,customer4138@example.com,+1-555-4788,2023-07-30 01:00:00,PRD479,Product 479,Toys,1,521.41,0.18,0.08,18.1,479.86,Credit Card,Shipped,9269 Main St,City100,OH,23281,USA
ORD100606,CUST1565,Customer 1565,customer1565@example.com,+1-555-3635,2023-06-04 03:00:00,PRD164,Product 164,Sports,6,576.7,0.06,0.08,15.91,3528.71,Debit Card,Processing,7586 Main St,City48,IL,44811,USA
ORD100607,CUST8710,Customer 8710,customer8710@example.com,+1-555-9119,2023-08-20 14:00:00,PRD900,Product 900,Clothing,10,53.03,0.25,0.08,14.92,444.46,Cash on Delivery,Pending,9398 Main St,City69,MI,77659,USA
ORD100608,CUST1150,Customer 1150,customer1150@example.com,+1-555-6342,2023-05-18 21:00:00,PRD474,Product 474,Clothing,9,963.31,0.28,0.08,22.68,6764.31,Bank Transfer,Processing,4236 Main St,City59,NC,79015,USA
ORD100609,CUST8009,Customer 8009,customer8009@example.com,+1-555-2688,2023-11-25 17:00:00,PRD150,Product 150,Clothing,9,567.31,0.18,0.08,5.54,4527.23,Credit Card,Processing,1496 Main St,City27,NY,68290,USA
ORD100610,CUST5195,Customer 5195,customer5195@example.com,+1-555-9245,2023-11-25 11:00:00,PRD857,Product 857,Books,3,755.23,0.06,0.08,11.88,2312.01,Debit Card,Processing,7869 Main St,City34,GA,14943,USA
ORD100611,CUST4566,Customer 4566,customer4566@example.com,+1-555-2619,2023-12-18 22:00:00,PRD327,Product 327,Books,9,729.29,0.15,0.08,14.0,6039.39,Credit Card,Shipped,2286 Main St,City31,IL,76680,USA
ORD100612,CUST2980,Customer 2980,customer2980@example.com,+1-555-8068,2023-11-15 08:00:00,PRD539,Product 539,Home & Garden,3,615.38,0.1,0.08,17.7,1812.15,Bank Transfer,Processing,4047 Main St,City51,FL,31731,USA
ORD100613,CUST6214,Customer 6214,customer6214@example.com,+1-555-8499,2023-05-30 02:00:00,PRD269,Product 269,Home & Garden,10,623.9,0.22,0.08,15.17,5270.9,PayPal,Cancelled,9523 Main St,City20,TX,57502,USA
ORD100614,CUST6127,Customer 6127,customer6127@example.com,+1-555-6262,2023-04-14 09:00:00,PRD161,Product 161,Home & Garden,4,716.75,0.19,0.08,18.93,2526.98,PayPal,Shipped,3838 Main St,City22,CA,86768,USA
ORD100615,CUST4238,Customer 4238,customer4238@example.com,+1-555-4653,2023-01-01 17:00:00,PRD490,Product 490,Toys,6,970.88,0.03,0.08,5.75,6108.31,Credit Card,Delivered,1926 Main St,City71,CA,84530,USA
ORD100616,CUST3675,Customer 3675,customer3675@example.com,+1-555-4722,2023-02-27 03:00:00,PRD400,Product 400,Home & Garden,10,941.9,0.26,0.08,22.4,7550.06,Debit Card,Delivered,4456 Main St,City18,CA,35375,USA
ORD100617,CUST7257,Customer 7257,customer7257@example.com,+1-555-9636,2023-02-25 21:00:00,PRD863,Product 863,Home & Garden,8,521.38,0.12,0.08,14.91,3979.07,Debit Card,Shipped,8106 Main St,City48,IL,59013,USA
ORD100618,CUST2884,Customer 2884,customer2884@example.com,+1-555-6196,2023-01-31 19:00:00,PRD676,Product 676,Books,9,195.28,0.26,0.08,21.5,1426.11,Cash on Delivery,Delivered,3881 Main St,City3,OH,75460,USA
ORD100619,CUST9331,Customer 9331,customer9331@example.com,+1-555-1985,2023-03-26 06:00:00,PRD368,Product 368,Sports,6,843.11,0.07,0.08,21.07,5101.99,Credit Card,Delivered,343 Main St,City13,OH,80514,USA
ORD100620,CUST9955,Customer 9955,customer9955@example.com,+1-555-1582,2023-12-03 15:00:00,PRD306,Product 306,Toys,1,35.06,0.3,0.08,5.12,31.63,Bank Transfer,Pending,6737 Main St,City43,GA,71467,USA
ORD100621,CUST3779,Customer 3779,customer3779@example.com,+1-555-2778,2023-04-22 07:00:00,PRD463,Product 463,Electronics,8,705.42,0.1,0.08,12.41,5497.76,Bank Transfer,Pending,6487 Main St,City6,MI,55110,USA
ORD100622,CUST8995,Customer 8995,customer8995@example.com,+1-555-9391,2023-06-22 06:00:00,PRD294,Product 294,Clothing,9,484.49,0.29,0.08,6.62,3350.18,PayPal,Processing,4567 Main St,City60,NY,68277,USA
ORD100623,CUST8247,Customer 8247,customer8247@example.com,+1-555-2653,2023-11-06 14:00:00,PRD313,Product 313,Clothing,2,51.05,0.16,0.08,6.29,98.92,Credit Card,Processing,5232 Main St,City93,OH,13239,USA
ORD100624,CUST3583,Customer 3583,customer3583@example.com,+1-555-4612,2023-03-11 17:00:00,PRD522,Product 522,Health,4,823.25,0.28,0.08,12.25,2572.89,Debit Card,Shipped,5441 Main St,City84,IL,43850,USA
ORD100625,CUST9737,Customer 9737,customer9737@example.com,+1-555-9926,2023-11-21 06:00:00,PRD420,Product 420,Home & Garden,1,238.3,0.25,0.08,23.28,216.3,Debit Card,Pending,7448 Main St,City4,IL,15246,USA
ORD100626,CUST1680,Customer 1680,customer1680@example.com,+1-555-2080,2023-04-05 21:00:00,PRD713,Product 713,Health,1,252.54,0.21,0.08,21.51,236.98,Cash on Delivery,Pending,844 Main St,City31,OH,77723,USA
ORD100627,CUST6651,Customer 6651,customer6651@example.com,+1-555-7396,2023-07-16 21:00:00,PRD408,Product 408,Automotive,9,964.22,0.27,0.08,23.86,6865.58,Bank Transfer,Cancelled,4905 Main St,City82,CA,99140,USA
ORD100628,CUST1510,Customer 1510,customer1510@example.com,+1-555-6092,2023-09-21 12:00:00,PRD359,Product 359,Toys,3,270.71,0.11,0.08,8.04,788.66,Debit Card,Shipped,9640 Main St,City16,TX,55964,USA
ORD100629,CUST4480,Customer 4480,customer4480@example.com,+1-555-8085,2023-02-19 18:00:00,PRD229,Product 229,Toys,3,405.48,0.2,0.08,7.33,1058.33,Cash on Delivery,Shipped,1693 Main St,City33,GA,35933,USA
ORD100630,CUST2984,Customer 2984,customer2984@example.com,+1-555-3547,2023-04-28 01:00:00,PRD544,Product 544,Health,6,291.61,0.11,0.08,22.98,1704.75,Cash on Delivery,Shipped,1393 Main St,City67,FL,88439,USA
ORD100631,CUST4358,Customer 4358,customer4358@example.com,+1-555-5537,2023-05-20 11:00:00,PRD290,Product 290,Electronics,6,109.28,0.04,0.08,20.1,699.91,Credit Card,Shipped,1527 Main St,City88,IL,19553,USA
ORD100632,CUST6321,Customer 6321,customer6321@example.com,+1-555-9699,2023-06-28 01:00:00,PRD428,Product 428,Books,6,948.83,0.21,0.08,14.77,4872.02,Cash on Delivery,Pending,4481 Main St,City85,NY,46857,USA
ORD100633,CUST2830,Customer 2830,customer2830@example.com,+1-555-8673,2023-09-29 17:00:00,PRD540,Product 540,Clothing,7,376.96,0.04,0.08,15.99,2751.81,Debit Card,Cancelled,7679 Main St,City44,OH,14832,USA
ORD100634,CUST6985,Customer 6985,customer6985@example.com,+1-555-2036,2023-10-29 22:00:00,PRD100,Product 100,Electronics,9,839.49,0.03,0.08,9.53,7924.58,Credit Card,Processing,2333 Main St,City58,MI,61598,USA
ORD100635,CUST7282,Customer 7282,customer7282@example.com,+1-555-7407,2023-01-18 13:00:00,PRD229,Product 229,Toys,4,766.0,0.05,0.08,10.12,3153.78,Debit Card,Processing,5426 Main St,City84,FL,76360,USA
ORD100636,CUST5391,Customer 5391,customer5391@example.com,+1-555-8962,2024-01-01 13:00:00,PRD582,Product 582,Electronics,7,643.07,0.22,0.08,9.84,3801.9,Debit Card,Shipped,9172 Main St,City63,GA,15477,USA
ORD100637,CUST4290,Customer 4290,customer4290@example.com,+1-555-6543,2023-03-08 11:00:00,PRD413,Product 413,Toys,1,994.34,0.21,0.08,24.24,872.61,Cash on Delivery,Processing,3919 Main St,City72,OH,42530,USA
ORD100638,CUST4413,Customer 4413,customer4413@example.com,+1-555-5771,2023-06-03 19:00:00,PRD556,Product 556,Automotive,8,467.42,0.23,0.08,20.72,3130.37,Credit Card,Pending,4764 Main St,City87,NY,91027,USA
ORD100639,CUST9318,Customer 9318,customer9318@example.com,+1-555-4566,2023-12-03 18:00:00,PRD414,Product 414,Home & Garden,4,889.11,0.28,0.08,19.02,2784.51,Bank Transfer,Pending,9219 Main St,City86,NY,34293,USA
ORD100640,CUST7611,Customer 7611,customer7611@example.com,+1-555-3024,2023-10-27 01:00:00,PRD915,Product 915,Automotive,5,795.95,0.07,0.08,15.13,4012.39,PayPal,Pending,6652 Main St,City61,CA,96919,USA
ORD100641,CUST2164,Customer 2164,customer2164@example.com,+1-555-1366,2023-08-21 18:00:00,PRD324,Product 324,Books,2,386.08,0.1,0.08,10.37,760.91,PayPal,Delivered,770 Main St,City35,GA,77533,USA
ORD100642,CUST9871,Customer 9871,customer9871@example.com,+1-555-2716,2023-10-04 09:00:00,PRD457,Product 457,Toys,10,288.11,0.07,0.08,11.28,2905.06,Bank Transfer,Cancelled,6564 Main St,City44,GA,33231,USA
ORD100643,CUST1311,Customer 1311,customer1311@example.com,+1-555-5136,2023-07-29 14:00:00,PRD263,Product 263,Toys,7,484.08,0.24,0.08,10.28,2791.61,Credit Card,Delivered,9382 Main St,City29,GA,68184,USA
ORD100644,CUST2153,Customer 2153,customer2153@example.com,+1-555-6480,2023-11-19 17:00:00,PRD903,Product 903,Books,9,980.06,0.08,0.08,21.44,8785.53,Credit Card,Delivered,9429 Main St,City29,PA,55973,USA
ORD100645,CUST3608,Customer 3608,customer3608@example.com,+1-555-8274,2023-01-25 08:00:00,PRD671,Product 671,Health,6,723.07,0.09,0.08,20.55,4284.35,Debit Card,Delivered,6299 Main St,City71,PA,73009,USA
ORD100646,CUST5252,Customer 5252,customer5252@example.com,+1-555-9323,2023-09-12 19:00:00,PRD280,Product 280,Toys,7,790.81,0.22,0.08,5.95,4669.2,Debit Card,Shipped,5693 Main St,City10,CA,86058,USA
ORD100647,CUST9214,Customer 9214,customer9214@example.com,+1-555-9455,2023-10-10 08:00:00,PRD157,Product 157,Books,9,874.32,0.25,0.08,22.01,6395.8,Cash on Delivery,Cancelled,2083 Main St,City89,OH,74754,USA
ORD100648,CUST9079,Customer 9079,customer9079@example.com,+1-555-8535,2023-10-14 14:00:00,PRD876,Product 876,Automotive,5,429.69,0.08,0.08,7.04,2141.74,Cash on Delivery,Delivered,3742 Main St,City20,PA,71584,USA
ORD100649,CUST3376,Customer 3376,customer3376@example.com,+1-555-6454,2023-03-23 00:00:00,PRD991,Product 991,Electronics,1,937.17,0.09,0.08,18.15,939.2,Debit Card,Delivered,1371 Main St,City29,MI,60833,USA
ORD100650,CUST5022,Customer 5022,customer5022@example.com,+1-555-4196,2023-09-14 08:00:00,PRD317,Product 317,Toys,8,678.26,0.09,0.08,8.23,5340.98,PayPal,Cancelled,7542 Main St,City69,CA,70113,USA
ORD100651,CUST7657,Customer 7657,customer7657@example.com,+1-555-3317,2023-02-03 12:00:00,PRD798,Product 798,Clothing,4,868.95,0.25,0.08,21.64,2837.04,Credit Card,Delivered,542 Main St,City30,IL,61398,USA
ORD100652,CUST5799,Customer 5799,customer5799@example.com,+1-555-5900,2023-04-03 12:00:00,PRD789,Product 789,Health,2,611.14,0.12,0.08,24.9,1186.55,Credit Card,Shipped,5016 Main St,City36,OH,46035,USA
ORD100653,CUST1406,Customer 1406,customer1406@example.com,+1-555-2978,2023-12-21 01:00:00,PRD446,Product 446,Toys,4,593.9,0.06,0.08,9.02,2420.73,Debit Card,Delivered,768 Main St,City20,IL,48620,USA
ORD100654,CUST6475,Customer 6475,customer6475@example.com,+1-555-6406,2023-05-11 07:00:00,PRD879,Product 879,Health,2,367.06,0.17,0.08,7.52,665.59,Bank Transfer,Processing,3641 Main St,City3,GA,20608,USA
ORD100655,CUST4752,Customer 4752,customer4752@example.com,+1-555-3117,2023-10-03 02:00:00,PRD765,Product 765,Home & Garden,6,954.34,0.07,0.08,13.02,5764.25,Debit Card,Pending,2101 Main St,City93,GA,11787,USA
ORD100656,CUST6010,Customer 6010,customer6010@example.com,+1-555-5802,2023-04-05 21:00:00,PRD640,Product 640,Home & Garden,6,156.54,0.03,0.08,7.95,991.9,Cash on Delivery,Processing,6383 Main St,City10,NC,93911,USA
ORD100657,CUST2217,Customer 2217,customer2217@example.com,+1-555-3855,2023-12-09 03:00:00,PRD531,Product 531,Toys,8,887.53,0.02,0.08,16.99,7531.88,PayPal,Shipped,223 Main St,City5,MI,30857,USA
ORD100658,CUST1425,Customer 1425,customer1425@example.com,+1-555-5959,2023-01-14 16:00:00,PRD659,Product 659,Books,8,368.91,0.27,0.08,16.15,2342.94,PayPal,Pending,9361 Main St,City65,CA,79808,USA
ORD100659,CUST3036,Customer 3036,customer3036@example.com,+1-555-3127,2023-06-10 00:00:00,PRD233,Product 233,Toys,6,701.33,0.29,0.08,23.99,3250.67,Debit Card,Processing,4700 Main St,City98,MI,10775,USA
ORD100660,CUST3429,Customer 3429,customer3429@example.com,+1-555-1646,2023-06-03 05:00:00,PRD454,Product 454,Sports,6,451.86,0.24,0.08,19.26,2244.58,PayPal,Processing,8491 Main St,City41,IL,79554,USA
ORD100661,CUST8265,Customer 8265,customer8265@example.com,+1-555-8056,2023-07-10 13:00:00,PRD200,Product 200,Clothing,7,849.41,0.02,0.08,24.17,6317.28,Debit Card,Pending,901 Main St,City63,OH,86490,USA
ORD100662,CUST4520,Customer 4520,customer4520@example.com,+1-555-7877,2023-02-18 23:00:00,PRD169,Product 169,Electronics,8,652.94,0.16,0.08,23.76,4762.54,Debit Card,Cancelled,8450 Main St,City7,MI,55778,USA
ORD100663,CUST1309,Customer 1309,customer1309@example.com,+1-555-2379,2023-02-20 13:00:00,PRD652,Product 652,Automotive,9,73.49,0.02,0.08,18.26,718.3,Bank Transfer,Pending,1675 Main St,City82,IL,17446,USA
ORD100664,CUST2175,Customer 2175,customer2175@example.com,+1-555-8370,2023-09-29 00:00:00,PRD871,Product 871,Toys,5,941.2,0.0,0.08,21.24,5103.72,Credit Card,Processing,8417 Main St,City15,FL,16450,USA
ORD100665,CUST8371,Customer 8371,customer8371@example.com,+1-555-3617,2023-02-25 18:00:00,PRD204,Product 204,Books,1,525.91,0.04,0.08,16.42,561.68,PayPal,Pending,3720 Main St,City86,NY,65226,USA
ORD100666,CUST8204,Customer 8204,customer8204@example.com,+1-555-6581,2023-02-20 19:00:00,PRD435,Product 435,Clothing,7,776.94,0.08,0.08,17.06,5420.83,Credit Card,Processing,7064 Main St,City50,IL,59547,USA
ORD100667,CUST3622,Customer 3622,customer3622@example.com,+1-555-6690,2023-06-12 16:00:00,PRD194,Product 194,Home & Garden,10,188.48,0.1,0.08,23.12,1855.15,Cash on Delivery,Shipped,8549 Main St,City8,NY,87139,USA
ORD100668,CUST9201,Customer 9201,customer9201@example.com,+1-555-7648,2023-03-22 08:00:00,PRD218,Product 218,Books,9,125.0,0.26,0.08,9.99,909.09,PayPal,Shipped,5041 Main St,City10,TX,84890,USA
ORD100669,CUST5207,Customer 5207,customer5207@example.com,+1-555-4476,2023-01-15 05:00:00,PRD170,Product 170,Automotive,6,243.16,0.22,0.08,13.64,1242.67,Bank Transfer,Cancelled,1801 Main St,City76,IL,54068,USA
ORD100670,CUST8423,Customer 8423,customer8423@example.com,+1-555-2708,2023-10-25 08:00:00,PRD393,Product 393,Health,3,809.65,0.1,0.08,12.07,2373.01,PayPal,Delivered,4289 Main St,City59,NC,53365,USA
ORD100671,CUST5409,Customer 5409,customer5409@example.com,+1-555-8423,2023-12-15 03:00:00,PRD954,Product 954,Electronics,7,779.66,0.16,0.08,20.74,4971.89,Bank Transfer,Pending,1710 Main St,City7,GA,50110,USA
ORD100672,CUST3674,Customer 3674,customer3674@example.com,+1-555-5890,2023-07-24 22:00:00,PRD778,Product 778,Automotive,9,481.71,0.18,0.08,15.63,3855.05,Bank Transfer,Shipped,7580 Main St,City48,TX,62724,USA
ORD100673,CUST4519,Customer 4519,customer4519@example.com,+1-555-4287,2023-11-16 22:00:00,PRD916,Product 916,Toys,5,496.27,0.18,0.08,16.43,2213.91,Debit Card,Cancelled,9853 Main St,City65,CA,23682,USA
ORD100674,CUST6838,Customer 6838,customer6838@example.com,+1-555-5734,2023-02-25 02:00:00,PRD460,Product 460,Home & Garden,10,360.67,0.28,0.08,6.84,2811.41,PayPal,Delivered,3133 Main St,City44,MI,66804,USA
ORD100675,CUST1415,Customer 1415,customer1415@example.com,+1-555-6408,2023-03-24 22:00:00,PRD171,Product 171,Home & Garden,7,56.02,0.27,0.08,9.16,318.32,Bank Transfer,Cancelled,7857 Main St,City9,TX,44528,USA
ORD100676,CUST8535,Customer 8535,customer8535@example.com,+1-555-7249,2023-04-27 16:00:00,PRD505,Product 505,Sports,3,312.41,0.23,0.08,12.77,792.17,Credit Card,Pending,2297 Main St,City52,NY,31870,USA
ORD100677,CUST3551,Customer 3551,customer3551@example.com,+1-555-6594,2023-05-17 05:00:00,PRD614,Product 614,Health,6,210.78,0.24,0.08,14.25,1052.3,PayPal,Delivered,6052 Main St,City46,CA,64362,USA
ORD100678,CUST7087,Customer 7087,customer7087@example.com,+1-555-1817,2023-01-18 21:00:00,PRD849,Product 849,Clothing,9,252.77,0.16,0.08,20.62,2084.44,PayPal,Shipped,2416 Main St,City95,GA,57086,USA
ORD100679,CUST9793,Customer 9793,customer9793@example.com,+1-555-2064,2023-06-27 03:00:00,PRD940,Product 940,Home & Garden,1,696.28,0.01,0.08,12.61,757.07,Credit Card,Pending,799 Main St,City82,NC,88635,USA
ORD100680,CUST7294,Customer 7294,customer7294@example.com,+1-555-8262,2023-03-07 11:00:00,PRD666,Product 666,Books,5,80.5,0.15,0.08,5.1,374.6,Credit Card,Cancelled,5206 Main St,City52,FL,20796,USA
ORD100681,CUST9873,Customer 9873,customer9873@example.com,+1-555-9803,2023-09-22 23:00:00,PRD819,Product 819,Clothing,9,704.2,0.07,0.08,13.92,6379.61,Cash on Delivery,Pending,2472 Main St,City10,IL,12367,USA
ORD100682,CUST5454,Customer 5454,customer5454@example.com,+1-555-9757,2023-07-12 10:00:00,PRD233,Product 233,Clothing,2,391.09,0.01,0.08,22.41,858.72,Bank Transfer,Cancelled,2040 Main St,City81,GA,51476,USA
ORD100683,CUST8757,Customer 8757,customer8757@example.com,+1-555-6616,2023-06-20 02:00:00,PRD491,Product 491,Electronics,5,275.62,0.17,0.08,14.57,1249.9,Bank Transfer,Pending,6102 Main St,City33,MI,44167,USA
ORD100684,CUST5292,Customer 5292,customer5292@example.com,+1-555-9782,2023-02-21 19:00:00,PRD859,Product 859,Books,6,791.03,0.26,0.08,13.65,3806.8,Bank Transfer,Pending,3268 Main St,City59,FL,23351,USA
ORD100685,CUST1520,Customer 1520,customer1520@example.com,+1-555-3555,2023-02-05 15:00:00,PRD709,Product 709,Toys,9,865.13,0.19,0.08,5.93,6817.27,Bank Transfer,Shipped,4705 Main St,City32,MI,10645,USA
ORD100686,CUST3413,Customer 3413,customer3413@example.com,+1-555-4319,2023-03-12 23:00:00,PRD303,Product 303,Clothing,7,29.81,0.08,0.08,14.4,221.73,Debit Card,Shipped,9127 Main St,City83,OH,42604,USA
ORD100687,CUST4465,Customer 4465,customer4465@example.com,+1-555-5636,2023-02-11 10:00:00,PRD807,Product 807,Sports,3,484.62,0.21,0.08,8.4,1248.83,PayPal,Cancelled,2981 Main St,City45,NC,50020,USA
ORD100688,CUST1485,Customer 1485,customer1485@example.com,+1-555-1714,2023-07-11 01:00:00,PRD429,Product 429,Automotive,7,228.02,0.11,0.08,11.51,1545.72,Cash on Delivery,Shipped,95 Main St,City94,NC,28629,USA
ORD100689,CUST4956,Customer 4956,customer4956@example.com,+1-555-4355,2023-11-13 19:00:00,PRD422,Product 422,Electronics,9,618.5,0.03,0.08,6.35,5837.82,Credit Card,Delivered,6702 Main St,City12,NC,47895,USA
ORD100690,CUST5156,Customer 5156,customer5156@example.com,+1-555-4877,2023-04-09 04:00:00,PRD939,Product 939,Electronics,5,469.77,0.13,0.08,11.27,2218.25,Cash on Delivery,Delivered,1543 Main St,City100,FL,76421,USA
ORD100691,CUST5761,Customer 5761,customer5761@example.com,+1-555-2841,2023-04-17 17:00:00,PRD616,Product 616,Toys,7,546.65,0.28,0.08,17.83,2993.36,Bank Transfer,Shipped,8845 Main St,City68,NC,67118,USA
ORD100692,CUST6162,Customer 6162,customer6162@example.com,+1-555-1396,2023-05-27 15:00:00,PRD674,Product 674,Electronics,8,699.65,0.08,0.08,16.81,5578.19,Credit Card,Delivered,2754 Main St,City96,FL,82488,USA
ORD100693,CUST8308,Customer 8308,customer8308@example.com,+1-555-8061,2023-01-12 12:00:00,PRD533,Product 533,Clothing,7,154.88,0.02,0.08,23.49,1170.96,Credit Card,Delivered,5136 Main St,City60,IL,43910,USA
ORD100694,CUST7099,Customer 7099,customer7099@example.com,+1-555-8865,2023-12-08 09:00:00,PRD552,Product 552,Books,4,306.07,0.19,0.08,14.37,1085.37,Bank Transfer,Shipped,813 Main St,City17,NC,27055,USA
ORD100695,CUST2976,Customer 2976,customer2976@example.com,+1-555-3198,2023-02-28 06:00:00,PRD416,Product 416,Books,7,830.19,0.16,0.08,23.31,5295.35,PayPal,Shipped,5216 Main St,City47,NC,16210,USA
ORD100696,CUST1964,Customer 1964,customer1964@example.com,+1-555-5072,2023-10-21 16:00:00,PRD386,Product 386,Books,7,188.55,0.24,0.08,8.2,1091.53,Cash on Delivery,Delivered,7112 Main St,City96,MI,76406,USA
ORD100697,CUST8709,Customer 8709,customer8709@example.com,+1-555-5326,2023-07-23 17:00:00,PRD167,Product 167,Home & Garden,9,333.48,0.04,0.08,22.08,3133.85,PayPal,Processing,7903 Main St,City63,MI,78635,USA
ORD100698,CUST1279,Customer 1279,customer1279@example.com,+1-555-8580,2023-09-25 06:00:00,PRD683,Product 683,Home & Garden,9,622.49,0.21,0.08,7.95,4787.93,Credit Card,Delivered,5070 Main St,City30,MI,67897,USA
ORD100699,CUST5875,Customer 5875,customer5875@example.com,+1-555-5625,2023-03-10 23:00:00,PRD522,Product 522,Books,7,251.39,0.02,0.08,19.03,1881.53,Debit Card,Pending,7527 Main St,City5,FL,43941,USA
ORD100700,CUST6544,Customer 6544,customer6544@example.com,+1-555-9861,2023-03-28 04:00:00,PRD793,Product 793,Toys,7,56.45,0.02,0.08,19.56,437.79,Credit Card,Delivered,9926 Main St,City89,NY,50907,USA
ORD100701,CUST6437,Customer 6437,customer6437@example.com,+1-555-3041,2023-03-15 10:00:00,PRD319,Product 319,Books,1,797.73,0.08,0.08,13.74,806.36,Cash on Delivery,Processing,6695 Main St,City88,FL,95631,USA
ORD100702,CUST6110,Customer 6110,customer6110@example.com,+1-555-8462,2023-11-24 11:00:00,PRD824,Product 824,Electronics,8,97.44,0.07,0.08,23.32,806.27,Debit Card,Shipped,2728 Main St,City72,TX,99020,USA
ORD100703,CUST8484,Customer 8484,customer8484@example.com,+1-555-7539,2023-09-06 08:00:00,PRD699,Product 699,Clothing,8,80.2,0.22,0.08,20.69,561.17,Cash on Delivery,Processing,6772 Main St,City34,TX,63142,USA
ORD100704,CUST9460,Customer 9460,customer9460@example.com,+1-555-2492,2023-07-26 15:00:00,PRD693,Product 693,Clothing,5,976.26,0.24,0.08,23.2,4029.77,Debit Card,Delivered,1884 Main St,City23,TX,99102,USA
ORD100705,CUST3103,Customer 3103,customer3103@example.com,+1-555-4940,2023-11-11 08:00:00,PRD779,Product 779,Health,9,502.96,0.27,0.08,14.76,3583.56,Credit Card,Delivered,1830 Main St,City73,TX,50387,USA
ORD100706,CUST6331,Customer 6331,customer6331@example.com,+1-555-5966,2023-06-19 20:00:00,PRD932,Product 932,Health,2,452.13,0.06,0.08,18.33,936.33,Cash on Delivery,Delivered,585 Main St,City47,OH,37922,USA
ORD100707,CUST7237,Customer 7237,customer7237@example.com,+1-555-2697,2023-09-03 15:00:00,PRD622,Product 622,Home & Garden,6,941.79,0.12,0.08,11.79,5382.25,Credit Card,Delivered,411 Main St,City49,NY,22657,USA
ORD100708,CUST3899,Customer 3899,customer3899@example.com,+1-555-9887,2023-06-14 06:00:00,PRD794,Product 794,Books,1,468.62,0.27,0.08,20.3,389.76,Cash on Delivery,Processing,6900 Main St,City92,TX,67076,USA
ORD100709,CUST4863,Customer 4863,customer4863@example.com,+1-555-1613,2023-12-26 09:00:00,PRD699,Product 699,Clothing,8,771.24,0.16,0.08,8.38,5605.73,PayPal,Processing,6270 Main St,City44,NY,60081,USA
ORD100710,CUST5505,Customer 5505,customer5505@example.com,+1-555-1008,2023-05-17 06:00:00,PRD829,Product 829,Clothing,1,911.2,0.09,0.08,22.47,918.0,Credit Card,Delivered,2602 Main St,City76,IL,77516,USA
ORD100711,CUST2805,Customer 2805,customer2805@example.com,+1-555-8259,2023-05-13 13:00:00,PRD673,Product 673,Automotive,5,656.62,0.01,0.08,10.3,3520.59,Cash on Delivery,Shipped,9036 Main St,City11,OH,10194,USA
ORD100712,CUST1205,Customer 1205,customer1205@example.com,+1-555-7881,2023-01-26 11:00:00,PRD835,Product 835,Books,2,304.75,0.3,0.08,17.24,478.02,PayPal,Processing,8182 Main St,City7,CA,47056,USA
ORD100713,CUST5360,Customer 5360,customer5360@example.com,+1-555-8934,2023-01-22 06:00:00,PRD672,Product 672,Electronics,5,850.75,0.07,0.08,8.15,4280.62,Cash on Delivery,Shipped,9114 Main St,City98,PA,75404,USA
ORD100714,CUST1682,Customer 1682,customer1682@example.com,+1-555-3638,2023-12-18 04:00:00,PRD449,Product 449,Clothing,1,978.38,0.07,0.08,19.01,1001.69,Cash on Delivery,Delivered,7267 Main St,City45,OH,99303,USA
ORD100715,CUST8839,Customer 8839,customer8839@example.com,+1-555-8557,2023-02-25 01:00:00,PRD259,Product 259,Automotive,3,799.94,0.03,0.08,20.45,2534.5,Debit Card,Shipped,8819 Main St,City49,IL,82780,USA
ORD100716,CUST6419,Customer 6419,customer6419@example.com,+1-555-6766,2023-07-10 09:00:00,PRD941,Product 941,Sports,10,370.02,0.01,0.08,18.39,3974.64,Credit Card,Shipped,474 Main St,City49,NC,88099,USA
ORD100717,CUST2873,Customer 2873,customer2873@example.com,+1-555-7485,2023-04-23 06:00:00,PRD183,Product 183,Health,6,57.72,0.05,0.08,10.49,365.81,Credit Card,Shipped,9042 Main St,City48,TX,12565,USA
ORD100718,CUST2954,Customer 2954,customer2954@example.com,+1-555-4541,2023-01-04 13:00:00,PRD568,Product 568,Electronics,10,351.55,0.23,0.08,7.86,2931.35,Cash on Delivery,Shipped,750 Main St,City66,CA,46694,USA
ORD100719,CUST5665,Customer 5665,customer5665@example.com,+1-555-6810,2023-03-04 06:00:00,PRD185,Product 185,Clothing,5,451.5,0.11,0.08,17.97,2187.88,Debit Card,Processing,5426 Main St,City32,IL,59393,USA
ORD100720,CUST9320,Customer 9320,customer9320@example.com,+1-555-9023,2023-11-10 16:00:00,PRD247,Product 247,Home & Garden,5,205.38,0.02,0.08,15.61,1102.48,Debit Card,Shipped,7121 Main St,City29,GA,56630,USA
ORD100721,CUST7572,Customer 7572,customer7572@example.com,+1-555-4068,2023-03-15 11:00:00,PRD614,Product 614,Sports,1,761.83,0.01,0.08,5.99,820.54,Credit Card,Cancelled,2549 Main St,City55,IL,26568,USA
ORD100722,CUST6954,Customer 6954,customer6954@example.com,+1-555-5735,2023-01-03 10:00:00,PRD237,Product 237,Sports,7,479.25,0.0,0.08,17.2,3640.33,Bank Transfer,Shipped,6283 Main St,City58,FL,63661,USA
ORD100723,CUST1136,Customer 1136,customer1136@example.com,+1-555-7031,2023-01-17 10:00:00,PRD529,Product 529,Electronics,1,605.28,0.0,0.08,10.76,664.46,Credit Card,Processing,9350 Main St,City79,OH,67758,USA
ORD100724,CUST4827,Customer 4827,customer4827@example.com,+1-555-5480,2023-01-01 03:00:00,PRD291,Product 291,Home & Garden,2,691.55,0.07,0.08,14.74,1403.93,Bank Transfer,Cancelled,6058 Main St,City53,NY,77962,USA
ORD100725,CUST1514,Customer 1514,customer1514@example.com,+1-555-3031,2023-01-15 20:00:00,PRD509,Product 509,Clothing,6,587.39,0.14,0.08,18.61,3292.02,Debit Card,Cancelled,2965 Main St,City36,FL,87200,USA
ORD100726,CUST3431,Customer 3431,customer3431@example.com,+1-555-9902,2023-03-16 18:00:00,PRD460,Product 460,Clothing,8,119.28,0.02,0.08,12.82,1022.79,PayPal,Shipped,5459 Main St,City51,PA,51313,USA
ORD100727,CUST4888,Customer 4888,customer4888@example.com,+1-555-7718,2023-12-15 03:00:00,PRD123,Product 123,Toys,4,934.16,0.16,0.08,16.61,3406.49,Bank Transfer,Shipped,4365 Main St,City70,PA,71485,USA
ORD100728,CUST3740,Customer 3740,customer3740@example.com,+1-555-6257,2023-02-20 00:00:00,PRD594,Product 594,Books,5,237.35,0.26,0.08,15.89,964.34,Cash on Delivery,Processing,1850 Main St,City58,GA,91269,USA
ORD100729,CUST5573,Customer 5573,customer5573@example.com,+1-555-6306,2023-11-09 22:00:00,PRD927,Product 927,Home & Garden,8,33.2,0.2,0.08,20.49,249.97,Bank Transfer,Cancelled,8193 Main St,City64,MI,99259,USA
ORD100730,CUST8425,Customer 8425,customer8425@example.com,+1-555-2061,2023-10-07 22:00:00,PRD191,Product 191,Toys,6,996.71,0.24,0.08,16.47,4925.07,Credit Card,Cancelled,2647 Main St,City59,GA,61527,USA
ORD100731,CUST7248,Customer 7248,customer7248@example.com,+1-555-8123,2023-06-02 21:00:00,PRD623,Product 623,Toys,9,819.32,0.12,0.08,15.81,7023.95,Credit Card,Pending,5347 Main St,City93,TX,33918,USA
ORD100732,CUST4813,Customer 4813,customer4813@example.com,+1-555-8096,2023-12-21 07:00:00,PRD958,Product 958,Toys,5,152.71,0.13,0.08,7.07,724.5,Bank Transfer,Pending,9261 Main St,City30,GA,68967,USA
ORD100733,CUST8465,Customer 8465,customer8465@example.com,+1-555-5171,2023-12-17 03:00:00,PRD197,Product 197,Sports,2,707.51,0.23,0.08,9.16,1185.89,PayPal,Processing,7541 Main St,City2,TX,52564,USA
ORD100734,CUST7890,Customer 7890,customer7890@example.com,+1-555-1675,2023-09-22 08:00:00,PRD221,Product 221,Sports,5,67.22,0.05,0.08,11.78,356.62,Cash on Delivery,Cancelled,7132 Main St,City18,IL,70953,USA
ORD100735,CUST6379,Customer 6379,customer6379@example.com,+1-555-5947,2023-09-14 21:00:00,PRD592,Product 592,Home & Garden,2,260.76,0.25,0.08,16.48,438.91,PayPal,Pending,621 Main St,City87,NY,99321,USA
ORD100736,CUST4625,Customer 4625,customer4625@example.com,+1-555-8663,2023-08-18 11:00:00,PRD929,Product 929,Sports,6,123.97,0.22,0.08,24.73,651.32,Credit Card,Pending,9145 Main St,City52,IL,51376,USA
ORD100737,CUST2477,Customer 2477,customer2477@example.com,+1-555-3981,2023-06-13 18:00:00,PRD431,Product 431,Health,5,139.81,0.12,0.08,17.37,681.75,Bank Transfer,Cancelled,815 Main St,City17,NC,43971,USA
ORD100738,CUST2450,Customer 2450,customer2450@example.com,+1-555-7570,2023-01-16 06:00:00,PRD891,Product 891,Health,9,449.83,0.19,0.08,19.68,3561.28,Credit Card,Pending,7544 Main St,City96,TX,41481,USA
ORD100739,CUST1753,Customer 1753,customer1753@example.com,+1-555-5448,2023-02-28 05:00:00,PRD158,Product 158,Home & Garden,4,442.79,0.25,0.08,9.75,1444.39,Bank Transfer,Cancelled,9443 Main St,City13,CA,43689,USA
ORD100740,CUST4972,Customer 4972,customer4972@example.com,+1-555-1066,2023-01-06 12:00:00,PRD101,Product 101,Automotive,4,139.34,0.29,0.08,13.55,440.93,Cash on Delivery,Processing,2837 Main St,City96,MI,87871,USA
ORD100741,CUST8289,Customer 8289,customer8289@example.com,+1-555-5271,2023-07-13 02:00:00,PRD631,Product 631,Health,10,863.81,0.03,0.08,9.96,9059.23,Cash on Delivery,Pending,9403 Main St,City38,MI,43338,USA
ORD100742,CUST3575,Customer 3575,customer3575@example.com,+1-555-4908,2023-11-29 22:00:00,PRD491,Product 491,Clothing,2,266.77,0.26,0.08,23.29,449.7,PayPal,Cancelled,58 Main St,City71,IL,10053,USA
ORD100743,CUST7204,Customer 7204,customer7204@example.com,+1-555-3602,2023-06-17 00:00:00,PRD557,Product 557,Health,7,861.85,0.08,0.08,8.05,6002.39,PayPal,Delivered,7393 Main St,City70,OH,77919,USA
ORD100744,CUST4374,Customer 4374,customer4374@example.com,+1-555-3441,2023-11-09 15:00:00,PRD682,Product 682,Home & Garden,9,167.81,0.26,0.08,5.39,1212.41,Debit Card,Processing,3233 Main St,City91,GA,71450,USA
ORD100745,CUST2516,Customer 2516,customer2516@example.com,+1-555-3463,2023-02-21 19:00:00,PRD756,Product 756,Automotive,10,230.07,0.09,0.08,8.29,2269.42,PayPal,Cancelled,1059 Main St,City38,IL,12339,USA
ORD100746,CUST7341,Customer 7341,customer7341@example.com,+1-555-8753,2023-06-14 07:00:00,PRD860,Product 860,Toys,4,852.98,0.27,0.08,10.82,2700.78,Bank Transfer,Processing,2644 Main St,City79,IL,84517,USA
ORD100747,CUST9317,Customer 9317,customer9317@example.com,+1-555-1840,2023-03-12 05:00:00,PRD353,Product 353,Toys,6,707.1,0.01,0.08,10.51,4546.7,PayPal,Shipped,9560 Main St,City39,OH,12894,USA
ORD100748,CUST2718,Customer 2718,customer2718@example.com,+1-555-9182,2023-08-26 07:00:00,PRD645,Product 645,Sports,9,90.08,0.13,0.08,5.76,767.51,Bank Transfer,Delivered,6396 Main St,City41,MI,31716,USA
ORD100749,CUST1615,Customer 1615,customer1615@example.com,+1-555-6445,2023-10-09 20:00:00,PRD270,Product 270,Books,6,681.13,0.09,0.08,19.2,4035.69,Debit Card,Processing,1723 Main St,City89,GA,58727,USA
ORD100750,CUST9334,Customer 9334,customer9334@example.com,+1-555-8913,2023-03-03 08:00:00,PRD444,Product 444,Electronics,1,970.74,0.09,0.08,10.41,964.45,Cash on Delivery,Processing,1554 Main St,City43,NC,90591,USA
ORD100751,CUST3351,Customer 3351,customer3351@example.com,+1-555-8613,2023-11-07 11:00:00,PRD913,Product 913,Books,3,496.42,0.26,0.08,5.65,1195.87,PayPal,Delivered,802 Main St,City78,OH,87370,USA
ORD100752,CUST1374,Customer 1374,customer1374@example.com,+1-555-8574,2023-01-11 18:00:00,PRD583,Product 583,Toys,4,805.89,0.22,0.08,21.12,2736.65,Debit Card,Cancelled,6107 Main St,City91,FL,23665,USA
ORD100753,CUST8282,Customer 8282,customer8282@example.com,+1-555-6634,2023-11-21 04:00:00,PRD769,Product 769,Books,1,961.62,0.28,0.08,17.07,764.83,Debit Card,Delivered,8574 Main St,City26,FL,61717,USA
ORD100754,CUST2781,Customer 2781,customer2781@example.com,+1-555-5740,2023-05-20 14:00:00,PRD405,Product 405,Toys,1,796.92,0.21,0.08,19.8,699.73,Credit Card,Shipped,8102 Main St,City77,CA,78735,USA
ORD100755,CUST3212,Customer 3212,customer3212@example.com,+1-555-9104,2023-03-22 14:00:00,PRD964,Product 964,Health,7,631.33,0.27,0.08,17.84,3502.02,Credit Card,Cancelled,8694 Main St,City30,OH,87422,USA
ORD100756,CUST8418,Customer 8418,customer8418@example.com,+1-555-9113,2023-09-02 11:00:00,PRD707,Product 707,Books,6,435.86,0.0,0.08,17.59,2841.96,Credit Card,Processing,1295 Main St,City7,GA,82475,USA
ORD100757,CUST1837,Customer 1837,customer1837@example.com,+1-555-5037,2023-05-09 08:00:00,PRD950,Product 950,Electronics,2,734.04,0.1,0.08,13.34,1440.31,Cash on Delivery,Shipped,2424 Main St,City65,NC,14710,USA
ORD100758,CUST8442,Customer 8442,customer8442@example.com,+1-555-6186,2023-03-06 11:00:00,PRD985,Product 985,Home & Garden,2,933.31,0.16,0.08,19.4,1712.8,Cash on Delivery,Cancelled,373 Main St,City36,TX,87930,USA
ORD100759,CUST6789,Customer 6789,customer6789@example.com,+1-555-3754,2023-07-25 07:00:00,PRD645,Product 645,Health,9,791.79,0.21,0.08,7.72,6087.72,Credit Card,Delivered,4110 Main St,City75,OH,46603,USA
ORD100760,CUST3416,Customer 3416,customer3416@example.com,+1-555-9481,2023-02-12 01:00:00,PRD458,Product 458,Health,6,819.49,0.16,0.08,12.33,4472.98,Debit Card,Processing,1140 Main St,City74,NC,17660,USA
ORD100761,CUST7611,Customer 7611,customer7611@example.com,+1-555-9884,2023-06-12 05:00:00,PRD740,Product 740,Books,1,87.09,0.3,0.08,6.69,72.53,Cash on Delivery,Shipped,3930 Main St,City5,NC,94936,USA
ORD100762,CUST4989,Customer 4989,customer4989@example.com,+1-555-3612,2023-03-17 19:00:00,PRD275,Product 275,Sports,4,720.78,0.25,0.08,6.01,2341.34,Credit Card,Delivered,3687 Main St,City57,MI,16595,USA
ORD100763,CUST1781,Customer 1781,customer1781@example.com,+1-555-8398,2023-09-21 11:00:00,PRD437,Product 437,Clothing,1,791.27,0.01,0.08,8.32,854.35,Debit Card,Processing,2252 Main St,City21,NC,22683,USA
ORD100764,CUST9395,Customer 9395,customer9395@example.com,+1-555-3294,2023-06-25 01:00:00,PRD651,Product 651,Home & Garden,4,116.73,0.21,0.08,12.41,410.79,Credit Card,Processing,9221 Main St,City27,NC,46503,USA
ORD100765,CUST6943,Customer 6943,customer6943@example.com,+1-555-1373,2023-04-29 04:00:00,PRD590,Product 590,Health,5,816.92,0.25,0.08,6.78,3315.31,PayPal,Delivered,6151 Main St,City75,IL,65994,USA
ORD100766,CUST6661,Customer 6661,customer6661@example.com,+1-555-9926,2023-09-08 17:00:00,PRD535,Product 535,Automotive,6,373.38,0.17,0.08,17.92,2026.11,Debit Card,Delivered,8850 Main St,City32,MI,87549,USA
ORD100767,CUST5976,Customer 5976,customer5976@example.com,+1-555-5073,2023-08-10 17:00:00,PRD539,Product 539,Automotive,6,641.9,0.17,0.08,10.05,3462.44,Cash on Delivery,Delivered,5799 Main St,City43,NY,83880,USA
ORD100768,CUST8278,Customer 8278,customer8278@example.com,+1-555-9775,2023-10-06 04:00:00,PRD448,Product 448,Automotive,3,39.92,0.22,0.08,16.41,117.3,Credit Card,Delivered,7438 Main St,City1,OH,47181,USA
ORD100769,CUST2512,Customer 2512,customer2512@example.com,+1-555-7639,2023-12-07 10:00:00,PRD654,Product 654,Automotive,6,366.5,0.13,0.08,21.34,2087.52,Credit Card,Shipped,179 Main St,City43,TX,33005,USA
ORD100770,CUST8600,Customer 8600,customer8600@example.com,+1-555-4996,2023-04-25 08:00:00,PRD984,Product 984,Clothing,4,498.1,0.26,0.08,10.9,1603.23,Bank Transfer,Cancelled,8803 Main St,City92,CA,16774,USA
ORD100771,CUST9695,Customer 9695,customer9695@example.com,+1-555-5081,2023-02-08 06:00:00,PRD793,Product 793,Health,5,125.01,0.29,0.08,6.55,485.84,Bank Transfer,Processing,335 Main St,City30,PA,57965,USA
ORD100772,CUST3189,Customer 3189,customer3189@example.com,+1-555-7555,2023-05-04 22:00:00,PRD434,Product 434,Toys,7,867.94,0.21,0.08,9.56,5193.24,Credit Card,Cancelled,9565 Main St,City36,FL,71865,USA
ORD100773,CUST6216,Customer 6216,customer6216@example.com,+1-555-9304,2023-05-19 20:00:00,PRD179,Product 179,Electronics,4,989.53,0.15,0.08,17.66,3651.21,Debit Card,Pending,9084 Main St,City30,IL,58765,USA
ORD100774,CUST1489,Customer 1489,customer1489@example.com,+1-555-8332,2023-12-09 19:00:00,PRD202,Product 202,Electronics,9,497.65,0.0,0.08,14.86,4852.02,Debit Card,Cancelled,1920 Main St,City63,FL,67028,USA
ORD100775,CUST9844,Customer 9844,customer9844@example.com,+1-555-4122,2023-08-31 07:00:00,PRD212,Product 212,Sports,1,285.18,0.23,0.08,24.05,261.21,Cash on Delivery,Pending,4123 Main St,City24,GA,77972,USA
ORD100776,CUST3057,Customer 3057,customer3057@example.com,+1-555-2922,2023-06-04 20:00:00,PRD833,Product 833,Automotive,1,963.01,0.08,0.08,21.59,978.44,Bank Transfer,Processing,1234 Main St,City47,FL,52484,USA
ORD100777,CUST7975,Customer 7975,customer7975@example.com,+1-555-9242,2023-04-18 09:00:00,PRD970,Product 970,Books,10,664.39,0.1,0.08,7.89,6465.76,Cash on Delivery,Processing,4817 Main St,City8,MI,41903,USA
ORD100778,CUST9980,Customer 9980,customer9980@example.com,+1-555-6360,2023-07-16 07:00:00,PRD470,Product 470,Automotive,6,907.22,0.01,0.08,19.88,5839.88,Debit Card,Cancelled,188 Main St,City30,NY,35416,USA
ORD100779,CUST2377,Customer 2377,customer2377@example.com,+1-555-9581,2023-01-05 12:00:00,PRD275,Product 275,Toys,5,346.47,0.25,0.08,24.2,1427.4,Bank Transfer,Cancelled,5094 Main St,City53,TX,16294,USA
ORD100780,CUST7986,Customer 7986,customer7986@example.com,+1-555-4397,2023-09-09 21:00:00,PRD124,Product 124,Books,4,409.28,0.29,0.08,7.0,1262.34,Debit Card,Cancelled,4066 Main St,City81,OH,66426,USA
ORD100781,CUST2360,Customer 2360,customer2360@example.com,+1-555-8851,2023-10-17 06:00:00,PRD339,Product 339,Clothing,3,60.58,0.11,0.08,15.21,189.9,Debit Card,Processing,2515 Main St,City38,FL,99094,USA
ORD100782,CUST7478,Customer 7478,customer7478@example.com,+1-555-3372,2023-03-23 23:00:00,PRD768,Product 768,Toys,8,810.11,0.1,0.08,15.98,6315.4,Debit Card,Cancelled,1027 Main St,City43,CA,13614,USA
ORD100783,CUST3119,Customer 3119,customer3119@example.com,+1-555-3848,2023-03-01 16:00:00,PRD172,Product 172,Sports,10,215.55,0.05,0.08,22.16,2233.7,PayPal,Pending,5856 Main St,City96,GA,44100,USA
ORD100784,CUST5873,Customer 5873,customer5873@example.com,+1-555-7318,2023-01-06 00:00:00,PRD819,Product 819,Toys,10,370.05,0.16,0.08,19.64,3376.73,Debit Card,Pending,783 Main St,City30,OH,58077,USA
ORD100785,CUST4502,Customer 4502,customer4502@example.com,+1-555-4303,2023-09-20 11:00:00,PRD302,Product 302,Electronics,1,417.15,0.12,0.08,15.94,412.4,PayPal,Cancelled,2051 Main St,City91,FL,25587,USA
ORD100786,CUST5122,Customer 5122,customer5122@example.com,+1-555-8838,2023-02-20 01:00:00,PRD852,Product 852,Health,8,121.56,0.26,0.08,14.08,791.29,PayPal,Processing,9294 Main St,City56,NY,90595,USA
ORD100787,CUST2587,Customer 2587,customer2587@example.com,+1-555-2534,2023-05-05 00:00:00,PRD209,Product 209,Clothing,2,160.65,0.06,0.08,11.53,337.71,Bank Transfer,Delivered,9644 Main St,City22,OH,70276,USA
ORD100788,CUST4161,Customer 4161,customer4161@example.com,+1-555-7684,2023-08-03 05:00:00,PRD221,Product 221,Toys,5,571.53,0.02,0.08,21.38,3045.92,Debit Card,Delivered,8169 Main St,City41,PA,37137,USA
ORD100789,CUST3253,Customer 3253,customer3253@example.com,+1-555-6461,2023-05-25 15:00:00,PRD932,Product 932,Health,5,384.5,0.05,0.08,19.24,1991.73,Credit Card,Processing,9963 Main St,City42,TX,99985,USA
ORD100790,CUST7980,Customer 7980,customer7980@example.com,+1-555-2064,2023-11-03 22:00:00,PRD543,Product 543,Books,1,388.8,0.25,0.08,18.5,333.43,Credit Card,Cancelled,6416 Main St,City19,FL,52961,USA
ORD100791,CUST8417,Customer 8417,customer8417@example.com,+1-555-8127,2023-11-22 23:00:00,PRD667,Product 667,Sports,3,736.03,0.11,0.08,11.78,2134.2,PayPal,Pending,172 Main St,City23,GA,16690,USA
ORD100792,CUST6950,Customer 6950,customer6950@example.com,+1-555-3695,2023-02-27 11:00:00,PRD468,Product 468,Home & Garden,3,96.74,0.16,0.08,13.29,276.58,Credit Card,Cancelled,9677 Main St,City44,PA,64708,USA
ORD100793,CUST3227,Customer 3227,customer3227@example.com,+1-555-9723,2023-10-21 07:00:00,PRD710,Product 710,Clothing,1,213.48,0.2,0.08,13.92,198.37,Bank Transfer,Delivered,189 Main St,City93,NC,19259,USA
ORD100794,CUST8966,Customer 8966,customer8966@example.com,+1-555-2697,2023-09-17 14:00:00,PRD680,Product 680,Home & Garden,4,391.07,0.1,0.08,16.22,1536.7,Debit Card,Pending,3167 Main St,City50,CA,87012,USA
ORD100795,CUST6186,Customer 6186,customer6186@example.com,+1-555-5825,2023-08-07 12:00:00,PRD386,Product 386,Automotive,3,98.74,0.18,0.08,15.68,278.01,PayPal,Delivered,7908 Main St,City70,CA,31439,USA
ORD100796,CUST2122,Customer 2122,customer2122@example.com,+1-555-6369,2023-04-05 01:00:00,PRD679,Product 679,Sports,2,774.14,0.24,0.08,22.25,1293.08,Debit Card,Pending,5243 Main St,City67,OH,78089,USA
ORD100797,CUST2314,Customer 2314,customer2314@example.com,+1-555-8199,2023-02-28 15:00:00,PRD697,Product 697,Automotive,5,745.43,0.24,0.08,20.25,3079.49,PayPal,Pending,9656 Main St,City74,CA,46386,USA
ORD100798,CUST2426,Customer 2426,customer2426@example.com,+1-555-1640,2023-10-12 06:00:00,PRD579,Product 579,Health,2,305.61,0.26,0.08,11.33,499.82,PayPal,Delivered,3505 Main St,City35,MI,63043,USA
ORD100799,CUST3484,Customer 3484,customer3484@example.com,+1-555-8912,2023-08-31 04:00:00,PRD381,Product 381,Clothing,2,26.9,0.1,0.08,17.94,70.23,Cash on Delivery,Delivered,8720 Main St,City85,NY,28638,USA
ORD100800,CUST5859,Customer 5859,customer5859@example.com,+1-555-2582,2023-06-26 14:00:00,PRD570,Product 570,Toys,1,446.33,0.2,0.08,21.3,406.93,Debit Card,Pending,2995 Main St,City95,TX,18514,USA
ORD100801,CUST9271,Customer 9271,customer9271@example.com,+1-555-8089,2023-02-18 10:00:00,PRD485,Product 485,Automotive,4,327.41,0.2,0.08,15.16,1146.69,Cash on Delivery,Processing,1854 Main St,City37,TX,68636,USA
ORD100802,CUST7132,Customer 7132,customer7132@example.com,+1-555-6862,2023-12-05 20:00:00,PRD605,Product 605,Books,10,338.21,0.03,0.08,17.84,3560.93,Bank Transfer,Shipped,561 Main St,City96,IL,73291,USA
ORD100803,CUST6975,Customer 6975,customer6975@example.com,+1-555-3353,2023-11-19 00:00:00,PRD745,Product 745,Electronics,10,144.51,0.11,0.08,23.88,1412.91,Bank Transfer,Processing,1375 Main St,City33,FL,27581,USA
ORD100804,CUST7073,Customer 7073,customer7073@example.com,+1-555-3110,2023-03-06 21:00:00,PRD581,Product 581,Health,3,716.59,0.12,0.08,22.48,2065.62,Cash on Delivery,Pending,3817 Main St,City16,OH,14853,USA
ORD100805,CUST6943,Customer 6943,customer6943@example.com,+1-555-8839,2023-09-14 10:00:00,PRD956,Product 956,Health,5,175.52,0.3,0.08,7.48,670.95,Debit Card,Processing,8890 Main St,City15,CA,66259,USA
ORD100806,CUST3257,Customer 3257,customer3257@example.com,+1-555-1932,2023-01-05 05:00:00,PRD978,Product 978,Home & Garden,9,639.84,0.09,0.08,22.57,5682.08,Credit Card,Delivered,4855 Main St,City26,NY,81002,USA
ORD100807,CUST9231,Customer 9231,customer9231@example.com,+1-555-3417,2023-05-12 12:00:00,PRD763,Product 763,Clothing,7,667.49,0.09,0.08,22.87,4614.93,Bank Transfer,Pending,3661 Main St,City6,OH,37123,USA
ORD100808,CUST4166,Customer 4166,customer4166@example.com,+1-555-6370,2023-10-23 16:00:00,PRD741,Product 741,Sports,1,925.95,0.21,0.08,18.11,808.13,Cash on Delivery,Processing,4758 Main St,City66,NY,59223,USA
ORD100809,CUST8001,Customer 8001,customer8001@example.com,+1-555-7473,2023-04-04 02:00:00,PRD280,Product 280,Automotive,6,349.56,0.09,0.08,24.47,2085.76,Cash on Delivery,Pending,1615 Main St,City99,GA,69328,USA
ORD100810,CUST5839,Customer 5839,customer5839@example.com,+1-555-7641,2023-01-24 05:00:00,PRD665,Product 665,Health,4,973.71,0.07,0.08,15.13,3927.11,Credit Card,Pending,1159 Main St,City70,FL,52764,USA
ORD100811,CUST1016,Customer 1016,customer1016@example.com,+1-555-8994,2023-07-28 11:00:00,PRD573,Product 573,Health,8,330.49,0.01,0.08,16.66,2843.54,Credit Card,Pending,2365 Main St,City6,IL,18760,USA
ORD100812,CUST2439,Customer 2439,customer2439@example.com,+1-555-3404,2023-02-13 17:00:00,PRD938,Product 938,Automotive,1,165.66,0.14,0.08,19.83,173.7,Credit Card,Cancelled,200 Main St,City60,OH,30114,USA
ORD100813,CUST7303,Customer 7303,customer7303@example.com,+1-555-7502,2023-01-29 19:00:00,PRD964,Product 964,Home & Garden,4,805.49,0.08,0.08,18.39,3219.73,PayPal,Pending,3266 Main St,City34,NC,19573,USA
ORD100814,CUST4629,Customer 4629,customer4629@example.com,+1-555-2618,2023-06-16 12:00:00,PRD701,Product 701,Books,8,409.44,0.29,0.08,16.19,2527.86,PayPal,Cancelled,9429 Main St,City35,MI,33487,USA
ORD100815,CUST1826,Customer 1826,customer1826@example.com,+1-555-5685,2023-05-31 07:00:00,PRD396,Product 396,Home & Garden,7,311.68,0.05,0.08,16.89,2255.38,Bank Transfer,Shipped,635 Main St,City32,FL,58151,USA
ORD100816,CUST2684,Customer 2684,customer2684@example.com,+1-555-4137,2023-03-26 06:00:00,PRD113,Product 113,Home & Garden,3,792.33,0.19,0.08,7.87,2087.26,Credit Card,Delivered,3049 Main St,City35,PA,68266,USA
ORD100817,CUST8507,Customer 8507,customer8507@example.com,+1-555-3278,2023-04-21 16:00:00,PRD851,Product 851,Automotive,3,993.6,0.17,0.08,18.9,2690.89,Bank Transfer,Pending,9483 Main St,City1,FL,21452,USA
ORD100818,CUST8268,Customer 8268,customer8268@example.com,+1-555-6433,2023-11-28 10:00:00,PRD304,Product 304,Sports,9,96.34,0.29,0.08,14.14,679.0,Bank Transfer,Pending,7656 Main St,City66,FL,27695,USA
ORD100819,CUST6611,Customer 6611,customer6611@example.com,+1-555-9277,2023-01-08 23:00:00,PRD647,Product 647,Sports,7,503.19,0.1,0.08,13.04,3436.74,Cash on Delivery,Processing,5431 Main St,City68,OH,98028,USA
ORD100820,CUST6989,Customer 6989,customer6989@example.com,+1-555-6985,2023-07-04 16:00:00,PRD497,Product 497,Sports,8,374.82,0.23,0.08,16.51,2510.11,Bank Transfer,Pending,8123 Main St,City91,GA,63408,USA
ORD100821,CUST4326,Customer 4326,customer4326@example.com,+1-555-6951,2023-03-17 12:00:00,PRD741,Product 741,Home & Garden,3,235.28,0.09,0.08,12.68,706.38,Bank Transfer,Delivered,7666 Main St,City16,OH,59547,USA
ORD100822,CUST9469,Customer 9469,customer9469@example.com,+1-555-6708,2023-07-30 07:00:00,PRD305,Product 305,Clothing,8,291.65,0.24,0.08,15.46,1930.55,PayPal,Shipped,5165 Main St,City72,NC,49837,USA
ORD100823,CUST9213,Customer 9213,customer9213@example.com,+1-555-3831,2023-09-11 00:00:00,PRD251,Product 251,Health,10,561.83,0.13,0.08,22.09,5301.04,PayPal,Shipped,4266 Main St,City83,FL,92226,USA
ORD100824,CUST5332,Customer 5332,customer5332@example.com,+1-555-8123,2023-10-16 04:00:00,PRD224,Product 224,Health,8,737.35,0.21,0.08,15.36,5048.22,Credit Card,Shipped,9252 Main St,City27,IL,83690,USA
ORD100825,CUST5954,Customer 5954,customer5954@example.com,+1-555-5696,2023-03-18 13:00:00,PRD429,Product 429,Clothing,2,498.19,0.17,0.08,17.21,910.37,Bank Transfer,Processing,6041 Main St,City59,NC,61630,USA
ORD100826,CUST5673,Customer 5673,customer5673@example.com,+1-555-5211,2023-08-03 06:00:00,PRD592,Product 592,Electronics,2,126.41,0.18,0.08,15.72,239.62,Debit Card,Pending,3770 Main St,City67,NC,41814,USA
ORD100827,CUST4036,Customer 4036,customer4036@example.com,+1-555-4201,2023-09-09 10:00:00,PRD963,Product 963,Health,3,77.1,0.19,0.08,11.28,213.62,Credit Card,Cancelled,4373 Main St,City79,TX,66221,USA
ORD100828,CUST5032,Customer 5032,customer5032@example.com,+1-555-7452,2023-08-26 14:00:00,PRD902,Product 902,Sports,7,887.29,0.27,0.08,13.46,4910.24,Credit Card,Pending,396 Main St,City68,GA,39692,USA
ORD100829,CUST8988,Customer 8988,customer8988@example.com,+1-555-8743,2023-04-18 00:00:00,PRD452,Product 452,Health,2,219.77,0.08,0.08,8.91,445.64,PayPal,Pending,4943 Main St,City16,NC,77362,USA
ORD100830,CUST1318,Customer 1318,customer1318@example.com,+1-555-7843,2023-06-07 01:00:00,PRD970,Product 970,Electronics,2,694.09,0.27,0.08,18.53,1112.97,Cash on Delivery,Pending,9447 Main St,City21,TX,31996,USA
ORD100831,CUST2554,Customer 2554,customer2554@example.com,+1-555-4588,2023-06-21 13:00:00,PRD199,Product 199,Toys,6,180.81,0.19,0.08,13.35,962.39,Cash on Delivery,Processing,3431 Main St,City18,NC,19129,USA
ORD100832,CUST7064,Customer 7064,customer7064@example.com,+1-555-6126,2023-05-27 15:00:00,PRD909,Product 909,Sports,3,800.62,0.16,0.08,12.07,2191.04,Cash on Delivery,Delivered,3161 Main St,City91,GA,36306,USA
ORD100833,CUST2227,Customer 2227,customer2227@example.com,+1-555-5323,2023-11-27 02:00:00,PRD377,Product 377,Electronics,8,664.34,0.22,0.08,23.51,4500.63,Credit Card,Delivered,249 Main St,City35,GA,76268,USA
ORD100834,CUST4337,Customer 4337,customer4337@example.com,+1-555-7515,2023-09-25 10:00:00,PRD957,Product 957,Health,1,497.45,0.21,0.08,14.21,438.63,PayPal,Shipped,1930 Main St,City74,NC,66191,USA
ORD100835,CUST9095,Customer 9095,customer9095@example.com,+1-555-7916,2023-04-20 18:00:00,PRD787,Product 787,Books,7,290.69,0.26,0.08,19.3,1645.54,Credit Card,Cancelled,874 Main St,City100,FL,90937,USA
ORD100836,CUST6958,Customer 6958,customer6958@example.com,+1-555-1088,2023-02-28 16:00:00,PRD492,Product 492,Books,1,352.8,0.11,0.08,17.38,356.49,PayPal,Cancelled,42 Main St,City99,PA,47179,USA
ORD100837,CUST5414,Customer 5414,customer5414@example.com,+1-555-2890,2023-07-27 21:00:00,PRD213,Product 213,Toys,10,638.36,0.11,0.08,11.65,6147.57,Bank Transfer,Shipped,3404 Main St,City4,TX,84305,USA
ORD100838,CUST5419,Customer 5419,customer5419@example.com,+1-555-3229,2023-02-11 15:00:00,PRD196,Product 196,Automotive,7,346.06,0.09,0.08,22.28,2403.03,Bank Transfer,Cancelled,4109 Main St,City47,OH,57520,USA
ORD100839,CUST9356,Customer 9356,customer9356@example.com,+1-555-2639,2023-06-02 14:00:00,PRD760,Product 760,Health,5,857.77,0.27,0.08,10.47,3391.8,Cash on Delivery,Cancelled,8275 Main St,City66,PA,30372,USA
ORD100840,CUST7386,Customer 7386,customer7386@example.com,+1-555-6777,2023-03-02 22:00:00,PRD857,Product 857,Books,2,507.74,0.06,0.08,22.49,1053.41,PayPal,Pending,3667 Main St,City78,PA,70481,USA
ORD100841,CUST7170,Customer 7170,customer7170@example.com,+1-555-6258,2023-12-05 23:00:00,PRD633,Product 633,Electronics,9,997.42,0.07,0.08,16.09,9032.37,Bank Transfer,Delivered,4833 Main St,City38,MI,40833,USA
ORD100842,CUST3056,Customer 3056,customer3056@example.com,+1-555-5118,2023-05-16 09:00:00,PRD646,Product 646,Home & Garden,1,708.59,0.23,0.08,8.98,598.24,Credit Card,Processing,9848 Main St,City88,PA,26517,USA
ORD100843,CUST2723,Customer 2723,customer2723@example.com,+1-555-4285,2023-01-01 12:00:00,PRD336,Product 336,Toys,9,635.12,0.27,0.08,22.02,4528.58,Debit Card,Processing,1208 Main St,City55,PA,75172,USA
ORD100844,CUST3669,Customer 3669,customer3669@example.com,+1-555-1837,2023-01-13 14:00:00,PRD534,Product 534,Sports,6,410.18,0.2,0.08,15.83,2142.2,Credit Card,Delivered,3097 Main St,City82,MI,51859,USA
ORD100845,CUST5884,Customer 5884,customer5884@example.com,+1-555-6942,2023-07-24 15:00:00,PRD166,Product 166,Toys,4,946.3,0.17,0.08,7.77,3400.82,PayPal,Pending,6053 Main St,City84,TX,87889,USA
ORD100846,CUST9436,Customer 9436,customer9436@example.com,+1-555-6306,2023-04-05 17:00:00,PRD606,Product 606,Electronics,7,47.3,0.2,0.08,7.31,293.38,PayPal,Delivered,1696 Main St,City42,PA,83167,USA
ORD100847,CUST3638,Customer 3638,customer3638@example.com,+1-555-1310,2023-12-30 06:00:00,PRD536,Product 536,Clothing,9,254.37,0.08,0.08,20.84,2295.52,Cash on Delivery,Shipped,5718 Main St,City56,GA,81679,USA
ORD100848,CUST4573,Customer 4573,customer4573@example.com,+1-555-1847,2023-05-06 00:00:00,PRD343,Product 343,Automotive,3,315.71,0.22,0.08,8.36,806.22,Bank Transfer,Shipped,1949 Main St,City48,NC,77879,USA
ORD100849,CUST8539,Customer 8539,customer8539@example.com,+1-555-4420,2023-05-08 14:00:00,PRD795,Product 795,Books,9,995.21,0.08,0.08,15.69,8915.26,PayPal,Processing,4835 Main St,City72,TX,79483,USA
ORD100850,CUST3090,Customer 3090,customer3090@example.com,+1-555-6365,2023-07-08 22:00:00,PRD708,Product 708,Sports,10,862.68,0.08,0.08,9.85,8581.44,Credit Card,Delivered,4756 Main St,City93,GA,48640,USA
ORD100851,CUST5993,Customer 5993,customer5993@example.com,+1-555-1541,2023-12-20 03:00:00,PRD854,Product 854,Home & Garden,3,903.06,0.24,0.08,19.69,2243.38,Debit Card,Pending,257 Main St,City25,FL,34032,USA
ORD100852,CUST2792,Customer 2792,customer2792@example.com,+1-555-2905,2023-11-22 16:00:00,PRD540,Product 540,Automotive,7,277.21,0.22,0.08,20.72,1655.37,Bank Transfer,Delivered,6868 Main St,City92,MI,50495,USA
ORD100853,CUST1819,Customer 1819,customer1819@example.com,+1-555-4396,2023-02-09 10:00:00,PRD605,Product 605,Clothing,5,187.18,0.24,0.08,6.31,774.5,Bank Transfer,Delivered,6974 Main St,City41,IL,64731,USA
ORD100854,CUST4734,Customer 4734,customer4734@example.com,+1-555-7875,2023-08-03 05:00:00,PRD547,Product 547,Electronics,2,108.78,0.29,0.08,8.68,175.51,Cash on Delivery,Cancelled,3090 Main St,City33,MI,17022,USA
ORD100855,CUST8923,Customer 8923,customer8923@example.com,+1-555-7480,2023-08-23 20:00:00,PRD421,Product 421,Books,2,804.02,0.07,0.08,17.64,1632.76,Cash on Delivery,Processing,2477 Main St,City37,MI,17936,USA
ORD100856,CUST8303,Customer 8303,customer8303@example.com,+1-555-7816,2023-06-03 20:00:00,PRD184,Product 184,Automotive,4,731.36,0.28,0.08,17.1,2291.92,Cash on Delivery,Shipped,6433 Main St,City26,TX,73234,USA
ORD100857,CUST9592,Customer 9592,customer9592@example.com,+1-555-1791,2023-02-16 03:00:00,PRD874,Product 874,Electronics,10,731.94,0.28,0.08,10.0,5701.57,Credit Card,Cancelled,9980 Main St,City68,NC,52260,USA
ORD100858,CUST4884,Customer 4884,customer4884@example.com,+1-555-3841,2023-07-28 14:00:00,PRD945,Product 945,Automotive,9,342.18,0.13,0.08,24.81,2918.42,Credit Card,Pending,137 Main St,City73,NC,61968,USA
ORD100859,CUST8022,Customer 8022,customer8022@example.com,+1-555-3118,2023-10-17 16:00:00,PRD151,Product 151,Sports,8,411.96,0.23,0.08,10.4,2751.09,Bank Transfer,Cancelled,3436 Main St,City53,NY,58339,USA
ORD100860,CUST9202,Customer 9202,customer9202@example.com,+1-555-7848,2023-06-03 14:00:00,PRD617,Product 617,Toys,10,289.02,0.23,0.08,8.73,2412.22,Bank Transfer,Processing,1571 Main St,City68,OH,32507,USA
ORD100861,CUST7330,Customer 7330,customer7330@example.com,+1-555-3494,2023-03-21 19:00:00,PRD175,Product 175,Home & Garden,6,774.01,0.06,0.08,18.29,4732.94,Bank Transfer,Pending,8771 Main St,City40,TX,10419,USA
ORD100862,CUST3816,Customer 3816,customer3816@example.com,+1-555-8346,2023-09-14 13:00:00,PRD281,Product 281,Books,9,55.01,0.14,0.08,23.01,482.85,Credit Card,Processing,9109 Main St,City73,MI,69113,USA
ORD100863,CUST3181,Customer 3181,customer3181@example.com,+1-555-2464,2023-10-16 12:00:00,PRD385,Product 385,Electronics,2,740.47,0.05,0.08,5.4,1524.84,Bank Transfer,Pending,3246 Main St,City61,IL,18378,USA
ORD100864,CUST9632,Customer 9632,customer9632@example.com,+1-555-7009,2023-01-16 09:00:00,PRD918,Product 918,Toys,2,252.45,0.06,0.08,19.08,531.65,Debit Card,Processing,8562 Main St,City32,CA,64594,USA
ORD100865,CUST3586,Customer 3586,customer3586@example.com,+1-555-5870,2023-05-12 14:00:00,PRD172,Product 172,Automotive,7,762.22,0.02,0.08,14.45,5661.59,Bank Transfer,Processing,8127 Main St,City67,CA,45582,USA
ORD100866,CUST5221,Customer 5221,customer5221@example.com,+1-555-3578,2023-01-25 22:00:00,PRD976,Product 976,Clothing,4,949.52,0.19,0.08,19.68,3342.24,PayPal,Pending,6833 Main St,City27,MI,23297,USA
ORD100867,CUST8668,Customer 8668,customer8668@example.com,+1-555-7191,2023-04-13 09:00:00,PRD851,Product 851,Books,7,92.45,0.26,0.08,5.38,522.58,Cash on Delivery,Delivered,2107 Main St,City87,IL,76750,USA
ORD100868,CUST9599,Customer 9599,customer9599@example.com,+1-555-2708,2023-12-17 12:00:00,PRD372,Product 372,Automotive,1,354.7,0.12,0.08,18.31,355.42,Bank Transfer,Pending,8192 Main St,City33,GA,35048,USA
ORD100869,CUST7941,Customer 7941,customer7941@example.com,+1-555-7040,2023-08-27 16:00:00,PRD301,Product 301,Electronics,4,671.25,0.07,0.08,10.93,2707.74,Debit Card,Processing,9796 Main St,City30,FL,78651,USA
ORD100870,CUST1069,Customer 1069,customer1069@example.com,+1-555-6942,2023-09-09 07:00:00,PRD349,Product 349,Clothing,10,635.72,0.16,0.08,22.12,5789.37,Credit Card,Processing,4533 Main St,City52,CA,91516,USA
ORD100871,CUST7068,Customer 7068,customer7068@example.com,+1-555-9057,2023-02-01 00:00:00,PRD590,Product 590,Books,2,466.7,0.09,0.08,19.65,937.0,Debit Card,Pending,3381 Main St,City24,IL,91405,USA
ORD100872,CUST4218,Customer 4218,customer4218@example.com,+1-555-9233,2023-12-31 12:00:00,PRD926,Product 926,Health,5,123.88,0.25,0.08,21.8,523.51,Debit Card,Pending,2792 Main St,City43,IL,95262,USA
ORD100873,CUST2001,Customer 2001,customer2001@example.com,+1-555-9659,2023-08-01 03:00:00,PRD773,Product 773,Sports,6,732.52,0.15,0.08,21.58,4056.3,PayPal,Shipped,1702 Main St,City19,FL,95223,USA
ORD100874,CUST7932,Customer 7932,customer7932@example.com,+1-555-9490,2023-05-21 17:00:00,PRD670,Product 670,Toys,6,530.46,0.08,0.08,21.36,3183.75,Debit Card,Delivered,9945 Main St,City4,PA,71502,USA
ORD100875,CUST2556,Customer 2556,customer2556@example.com,+1-555-5558,2023-12-02 17:00:00,PRD703,Product 703,Toys,3,912.11,0.06,0.08,6.31,2784.23,PayPal,Delivered,1827 Main St,City39,TX,84493,USA
ORD100876,CUST2945,Customer 2945,customer2945@example.com,+1-555-4772,2023-09-02 15:00:00,PRD250,Product 250,Home & Garden,8,165.75,0.24,0.08,20.94,1109.32,Credit Card,Cancelled,7548 Main St,City43,NY,77253,USA
ORD100877,CUST3100,Customer 3100,customer3100@example.com,+1-555-3716,2023-04-14 16:00:00,PRD591,Product 591,Health,4,240.66,0.19,0.08,12.04,854.16,PayPal,Pending,7167 Main St,City45,GA,22165,USA
ORD100878,CUST4747,Customer 4747,customer4747@example.com,+1-555-2518,2023-01-24 11:00:00,PRD227,Product 227,Toys,8,855.93,0.09,0.08,21.2,6750.86,PayPal,Delivered,7192 Main St,City19,CA,16372,USA
ORD100879,CUST8605,Customer 8605,customer8605@example.com,+1-555-8604,2023-10-14 05:00:00,PRD485,Product 485,Books,10,868.9,0.26,0.08,15.65,6959.9,Credit Card,Pending,4008 Main St,City49,TX,99438,USA
ORD100880,CUST4493,Customer 4493,customer4493@example.com,+1-555-1278,2023-10-05 18:00:00,PRD148,Product 148,Sports,9,980.73,0.02,0.08,12.36,9354.4,Credit Card,Pending,3347 Main St,City6,TX,23808,USA
ORD100881,CUST6159,Customer 6159,customer6159@example.com,+1-555-7429,2023-10-24 16:00:00,PRD923,Product 923,Sports,4,207.51,0.05,0.08,19.46,871.08,Debit Card,Delivered,7969 Main St,City68,NC,29024,USA
ORD100882,CUST5782,Customer 5782,customer5782@example.com,+1-555-7141,2023-05-30 05:00:00,PRD693,Product 693,Home & Garden,8,835.72,0.28,0.08,10.8,5209.65,Credit Card,Delivered,329 Main St,City68,PA,79284,USA
ORD100883,CUST6018,Customer 6018,customer6018@example.com,+1-555-1907,2023-10-03 12:00:00,PRD511,Product 511,Sports,2,130.61,0.06,0.08,10.82,276.01,Credit Card,Delivered,8308 Main St,City87,PA,65633,USA
ORD100884,CUST5448,Customer 5448,customer5448@example.com,+1-555-2993,2023-08-20 19:00:00,PRD543,Product 543,Automotive,10,655.63,0.26,0.08,14.2,5253.99,Debit Card,Pending,7696 Main St,City73,IL,61626,USA
ORD100885,CUST7506,Customer 7506,customer7506@example.com,+1-555-4226,2023-12-05 14:00:00,PRD327,Product 327,Sports,9,411.45,0.13,0.08,23.96,3503.35,PayPal,Pending,7331 Main St,City16,CA,69502,USA
ORD100886,CUST4689,Customer 4689,customer4689@example.com,+1-555-7533,2023-05-06 08:00:00,PRD353,Product 353,Sports,2,733.36,0.18,0.08,18.49,1317.42,Bank Transfer,Pending,5218 Main St,City87,OH,27044,USA
ORD100887,CUST8562,Customer 8562,customer8562@example.com,+1-555-5955,2023-03-30 04:00:00,PRD842,Product 842,Toys,7,627.12,0.21,0.08,23.71,3769.12,Debit Card,Shipped,8898 Main St,City34,OH,86880,USA
ORD100888,CUST6133,Customer 6133,customer6133@example.com,+1-555-1962,2023-01-29 06:00:00,PRD245,Product 245,Clothing,10,190.77,0.26,0.08,18.42,1543.05,PayPal,Shipped,8023 Main St,City77,NY,88500,USA
ORD100889,CUST2740,Customer 2740,customer2740@example.com,+1-555-5596,2023-08-02 11:00:00,PRD868,Product 868,Sports,9,848.55,0.07,0.08,17.17,7687.72,Debit Card,Processing,2515 Main St,City68,TX,85090,USA
ORD100890,CUST3375,Customer 3375,customer3375@example.com,+1-555-4095,2023-09-10 16:00:00,PRD549,Product 549,Clothing,3,743.37,0.21,0.08,11.27,1914.0,Cash on Delivery,Cancelled,7135 Main St,City85,OH,17849,USA
ORD100891,CUST7759,Customer 7759,customer7759@example.com,+1-555-3244,2023-07-03 13:00:00,PRD343,Product 343,Home & Garden,3,766.3,0.09,0.08,18.71,2278.07,Cash on Delivery,Processing,9743 Main St,City12,PA,83923,USA
ORD100892,CUST4926,Customer 4926,customer4926@example.com,+1-555-9969,2023-03-15 04:00:00,PRD365,Product 365,Toys,2,365.43,0.21,0.08,17.12,640.69,Cash on Delivery,Pending,9173 Main St,City82,TX,54185,USA
ORD100893,CUST9544,Customer 9544,customer9544@example.com,+1-555-9160,2023-11-20 11:00:00,PRD122,Product 122,Health,6,678.55,0.06,0.08,16.57,4149.75,Cash on Delivery,Shipped,3710 Main St,City14,GA,68324,USA
ORD100894,CUST3249,Customer 3249,customer3249@example.com,+1-555-1793,2023-06-04 12:00:00,PRD243,Product 243,Toys,8,730.91,0.23,0.08,20.75,4883.35,Credit Card,Processing,4613 Main St,City62,GA,69000,USA
ORD100895,CUST2746,Customer 2746,customer2746@example.com,+1-555-2970,2023-06-29 23:00:00,PRD319,Product 319,Clothing,8,475.93,0.19,0.08,19.18,3349.93,Credit Card,Pending,7296 Main St,City8,IL,68751,USA
ORD100896,CUST8892,Customer 8892,customer8892@example.com,+1-555-3157,2023-08-28 09:00:00,PRD660,Product 660,Automotive,6,123.35,0.18,0.08,12.2,667.63,PayPal,Pending,635 Main St,City14,OH,25648,USA
ORD100897,CUST6406,Customer 6406,customer6406@example.com,+1-555-4968,2023-03-08 06:00:00,PRD642,Product 642,Books,9,426.23,0.16,0.08,17.86,3497.94,Credit Card,Cancelled,4758 Main St,City26,FL,68122,USA
ORD100898,CUST9966,Customer 9966,customer9966@example.com,+1-555-4202,2023-08-31 07:00:00,PRD944,Product 944,Books,9,75.89,0.14,0.08,13.87,648.25,Bank Transfer,Cancelled,9853 Main St,City76,GA,47728,USA
ORD100899,CUST7546,Customer 7546,customer7546@example.com,+1-555-5995,2023-05-15 02:00:00,PRD474,Product 474,Books,8,377.18,0.03,0.08,5.02,3166.09,Bank Transfer,Shipped,9663 Main St,City23,TX,51238,USA
ORD100900,CUST3766,Customer 3766,customer3766@example.com,+1-555-9406,2023-09-23 18:00:00,PRD321,Product 321,Automotive,3,583.13,0.07,0.08,12.41,1769.5,Bank Transfer,Shipped,4090 Main St,City73,CA,76763,USA
ORD100901,CUST9038,Customer 9038,customer9038@example.com,+1-555-4126,2023-05-24 07:00:00,PRD566,Product 566,Toys,1,660.54,0.16,0.08,6.56,605.8,Bank Transfer,Delivered,9814 Main St,City59,IL,43411,USA
ORD100902,CUST7040,Customer 7040,customer7040@example.com,+1-555-9275,2023-05-11 03:00:00,PRD395,Product 395,Books,9,859.74,0.17,0.08,19.08,6955.12,Cash on Delivery,Pending,1429 Main St,City9,MI,99856,USA
ORD100903,CUST8400,Customer 8400,customer8400@example.com,+1-555-4135,2023-02-18 18:00:00,PRD972,Product 972,Health,6,577.13,0.27,0.08,5.96,2736.02,Cash on Delivery,Cancelled,8392 Main St,City89,PA,47008,USA
ORD100904,CUST3627,Customer 3627,customer3627@example.com,+1-555-6620,2023-12-10 16:00:00,PRD330,Product 330,Electronics,7,377.84,0.13,0.08,7.38,2492.51,Credit Card,Processing,1024 Main St,City96,NY,75729,USA
ORD100905,CUST6524,Customer 6524,customer6524@example.com,+1-555-9122,2023-04-11 21:00:00,PRD160,Product 160,Books,2,63.21,0.07,0.08,9.03,136.01,Bank Transfer,Shipped,9352 Main St,City31,CA,20445,USA
ORD100906,CUST8749,Customer 8749,customer8749@example.com,+1-555-2648,2023-06-04 12:00:00,PRD630,Product 630,Clothing,5,839.06,0.14,0.08,14.16,3910.75,PayPal,Delivered,2143 Main St,City2,CA,13867,USA
ORD100907,CUST6594,Customer 6594,customer6594@example.com,+1-555-2525,2023-05-27 05:00:00,PRD602,Product 602,Electronics,2,636.92,0.11,0.08,8.01,1232.43,Credit Card,Processing,7951 Main St,City33,CA,95172,USA
ORD100908,CUST3090,Customer 3090,customer3090@example.com,+1-555-7956,2023-03-27 03:00:00,PRD207,Product 207,Clothing,2,591.78,0.11,0.08,8.86,1146.5,Cash on Delivery,Shipped,819 Main St,City89,MI,22725,USA
ORD100909,CUST2702,Customer 2702,customer2702@example.com,+1-555-2792,2023-02-22 09:00:00,PRD380,Product 380,Automotive,3,178.06,0.02,0.08,5.31,570.69,Debit Card,Processing,5668 Main St,City26,FL,33035,USA
ORD100910,CUST9822,Customer 9822,customer9822@example.com,+1-555-4445,2023-04-26 20:00:00,PRD575,Product 575,Sports,5,934.03,0.06,0.08,21.96,4763.1,Bank Transfer,Cancelled,7253 Main St,City84,TX,99164,USA
ORD100911,CUST5202,Customer 5202,customer5202@example.com,+1-555-6418,2023-01-12 10:00:00,PRD291,Product 291,Books,6,42.47,0.29,0.08,5.53,200.93,Bank Transfer,Delivered,9655 Main St,City74,TX,15840,USA
ORD100912,CUST2226,Customer 2226,customer2226@example.com,+1-555-5219,2023-03-07 02:00:00,PRD333,Product 333,Sports,10,543.17,0.19,0.08,15.69,4767.34,Debit Card,Processing,9014 Main St,City29,CA,29349,USA
ORD100913,CUST9546,Customer 9546,customer9546@example.com,+1-555-7649,2023-03-18 00:00:00,PRD760,Product 760,Clothing,6,800.35,0.21,0.08,8.74,4105.89,Debit Card,Delivered,7939 Main St,City81,FL,43997,USA
ORD100914,CUST5649,Customer 5649,customer5649@example.com,+1-555-9734,2023-04-18 22:00:00,PRD437,Product 437,Home & Garden,3,360.69,0.13,0.08,7.57,1024.28,Cash on Delivery,Delivered,1036 Main St,City27,IL,22898,USA
ORD100915,CUST6563,Customer 6563,customer6563@example.com,+1-555-6350,2023-05-22 09:00:00,PRD987,Product 987,Sports,3,751.68,0.14,0.08,5.17,2099.65,Credit Card,Shipped,2647 Main St,City14,FL,27542,USA
ORD100916,CUST4940,Customer 4940,customer4940@example.com,+1-555-2019,2023-07-03 19:00:00,PRD934,Product 934,Electronics,2,696.37,0.1,0.08,12.47,1366.21,Cash on Delivery,Shipped,5923 Main St,City9,MI,28215,USA
ORD100917,CUST2313,Customer 2313,customer2313@example.com,+1-555-3527,2023-06-14 16:00:00,PRD663,Product 663,Toys,1,862.52,0.2,0.08,18.43,763.65,Debit Card,Pending,9889 Main St,City26,TX,20526,USA
ORD100918,CUST5635,Customer 5635,customer5635@example.com,+1-555-8442,2023-03-17 23:00:00,PRD544,Product 544,Automotive,3,592.98,0.21,0.08,11.19,1528.98,Cash on Delivery,Shipped,7520 Main St,City59,MI,73556,USA
ORD100919,CUST7042,Customer 7042,customer7042@example.com,+1-555-5316,2023-10-14 07:00:00,PRD152,Product 152,Electronics,5,990.43,0.01,0.08,13.12,5307.96,PayPal,Shipped,2021 Main St,City61,PA,36738,USA
ORD100920,CUST2247,Customer 2247,customer2247@example.com,+1-555-2692,2023-12-10 00:00:00,PRD366,Product 366,Sports,8,46.07,0.19,0.08,23.35,345.77,Bank Transfer,Pending,6687 Main St,City14,TX,73320,USA
ORD100921,CUST1696,Customer 1696,customer1696@example.com,+1-555-9610,2023-06-06 03:00:00,PRD120,Product 120,Electronics,2,504.84,0.24,0.08,6.69,835.44,PayPal,Processing,8839 Main St,City12,GA,40977,USA
ORD100922,CUST9780,Customer 9780,customer9780@example.com,+1-555-9335,2023-08-12 03:00:00,PRD679,Product 679,Books,5,909.78,0.04,0.08,8.06,4724.36,Bank Transfer,Shipped,3738 Main St,City40,FL,31561,USA
ORD100923,CUST3719,Customer 3719,customer3719@example.com,+1-555-7874,2023-06-06 00:00:00,PRD409,Product 409,Automotive,3,570.49,0.2,0.08,18.01,1496.72,PayPal,Cancelled,4026 Main St,City99,OH,66786,USA
ORD100924,CUST1346,Customer 1346,customer1346@example.com,+1-555-1563,2023-11-28 11:00:00,PRD314,Product 314,Toys,10,846.2,0.19,0.08,18.01,7420.57,Cash on Delivery,Shipped,2389 Main St,City30,PA,94507,USA
ORD100925,CUST9868,Customer 9868,customer9868@example.com,+1-555-1055,2023-03-04 02:00:00,PRD508,Product 508,Toys,1,109.59,0.29,0.08,9.35,93.38,Cash on Delivery,Delivered,7647 Main St,City20,OH,40787,USA
ORD100926,CUST4698,Customer 4698,customer4698@example.com,+1-555-4840,2023-01-20 16:00:00,PRD605,Product 605,Automotive,2,899.75,0.24,0.08,7.67,1484.7,PayPal,Shipped,1924 Main St,City11,GA,69500,USA
ORD100927,CUST7428,Customer 7428,customer7428@example.com,+1-555-3949,2023-05-21 05:00:00,PRD100,Product 100,Toys,3,166.18,0.22,0.08,21.15,441.12,Cash on Delivery,Delivered,6577 Main St,City19,PA,76769,USA
ORD100928,CUST9714,Customer 9714,customer9714@example.com,+1-555-1801,2023-01-21 15:00:00,PRD119,Product 119,Automotive,3,493.89,0.02,0.08,23.08,1591.28,Bank Transfer,Processing,4139 Main St,City90,NY,96514,USA
ORD100929,CUST4259,Customer 4259,customer4259@example.com,+1-555-4651,2023-01-07 12:00:00,PRD935,Product 935,Toys,6,398.9,0.18,0.08,13.57,2133.17,Cash on Delivery,Delivered,8642 Main St,City40,GA,81771,USA
ORD100930,CUST6893,Customer 6893,customer6893@example.com,+1-555-2582,2023-03-29 21:00:00,PRD514,Product 514,Automotive,4,754.75,0.26,0.08,19.69,2432.47,Cash on Delivery,Pending,4872 Main St,City26,NY,40314,USA
ORD100931,CUST5427,Customer 5427,customer5427@example.com,+1-555-5490,2023-04-08 12:00:00,PRD616,Product 616,Electronics,4,65.08,0.05,0.08,21.6,288.69,Bank Transfer,Cancelled,2215 Main St,City54,IL,23576,USA
ORD100932,CUST7941,Customer 7941,customer7941@example.com,+1-555-4050,2023-12-01 01:00:00,PRD120,Product 120,Books,8,403.08,0.22,0.08,14.46,2730.9,Credit Card,Pending,7512 Main St,City89,NY,21866,USA
ORD100933,CUST9684,Customer 9684,customer9684@example.com,+1-555-6560,2023-04-02 01:00:00,PRD764,Product 764,Sports,6,72.6,0.29,0.08,18.81,352.83,PayPal,Processing,7780 Main St,City79,MI,95342,USA
ORD100934,CUST6218,Customer 6218,customer6218@example.com,+1-555-7251,2023-11-03 09:00:00,PRD274,Product 274,Home & Garden,10,689.06,0.05,0.08,5.25,7075.01,Cash on Delivery,Cancelled,5460 Main St,City81,TX,29580,USA
ORD100935,CUST7340,Customer 7340,customer7340@example.com,+1-555-3996,2023-11-13 03:00:00,PRD378,Product 378,Toys,6,579.77,0.1,0.08,15.61,3396.83,Credit Card,Processing,8710 Main St,City65,NY,47040,USA
ORD100936,CUST9508,Customer 9508,customer9508@example.com,+1-555-8878,2023-05-25 14:00:00,PRD335,Product 335,Electronics,9,887.23,0.1,0.08,19.73,7781.22,Bank Transfer,Shipped,5869 Main St,City34,MI,19812,USA
ORD100937,CUST8375,Customer 8375,customer8375@example.com,+1-555-7265,2023-07-10 19:00:00,PRD320,Product 320,Automotive,5,97.05,0.12,0.08,16.8,477.98,Cash on Delivery,Cancelled,5140 Main St,City96,IL,69426,USA
ORD100938,CUST4876,Customer 4876,customer4876@example.com,+1-555-6119,2023-06-14 12:00:00,PRD600,Product 600,Health,10,20.24,0.13,0.08,24.87,215.05,Credit Card,Processing,8521 Main St,City24,OH,66899,USA
ORD100939,CUST8592,Customer 8592,customer8592@example.com,+1-555-7348,2023-12-11 00:00:00,PRD384,Product 384,Books,4,19.27,0.24,0.08,24.62,87.89,Bank Transfer,Processing,7313 Main St,City1,FL,30579,USA
ORD100940,CUST5143,Customer 5143,customer5143@example.com,+1-555-4412,2023-07-21 12:00:00,PRD276,Product 276,Toys,4,435.13,0.26,0.08,8.52,1399.54,Bank Transfer,Pending,6791 Main St,City23,IL,67108,USA
ORD100941,CUST3430,Customer 3430,customer3430@example.com,+1-555-7192,2023-06-23 12:00:00,PRD436,Product 436,Electronics,9,345.86,0.18,0.08,10.53,2767.17,Credit Card,Processing,548 Main St,City11,IL,14032,USA
ORD100942,CUST1915,Customer 1915,customer1915@example.com,+1-555-1493,2023-04-26 01:00:00,PRD967,Product 967,Toys,5,182.17,0.27,0.08,13.19,731.3,Debit Card,Cancelled,3794 Main St,City47,FL,94092,USA
ORD100943,CUST2176,Customer 2176,customer2176@example.com,+1-555-7121,2023-12-05 17:00:00,PRD661,Product 661,Books,6,256.52,0.11,0.08,24.94,1504.34,Credit Card,Cancelled,1863 Main St,City20,GA,45347,USA
ORD100944,CUST7595,Customer 7595,customer7595@example.com,+1-555-7418,2023-01-24 20:00:00,PRD182,Product 182,Electronics,3,597.51,0.09,0.08,23.29,1784.99,Debit Card,Cancelled,1508 Main St,City55,CA,41744,USA
ORD100945,CUST9004,Customer 9004,customer9004@example.com,+1-555-7990,2023-08-25 08:00:00,PRD118,Product 118,Books,5,58.12,0.03,0.08,19.64,324.07,Debit Card,Delivered,5353 Main St,City34,IL,20421,USA
ORD100946,CUST2407,Customer 2407,customer2407@example.com,+1-555-8401,2023-01-12 00:00:00,PRD771,Product 771,Books,8,503.32,0.27,0.08,23.74,3198.28,Credit Card,Cancelled,1719 Main St,City38,PA,16335,USA
ORD100947,CUST1362,Customer 1362,customer1362@example.com,+1-555-1976,2023-01-31 08:00:00,PRD535,Product 535,Clothing,1,630.97,0.24,0.08,8.01,525.91,Debit Card,Cancelled,1924 Main St,City67,GA,32076,USA
ORD100948,CUST3573,Customer 3573,customer3573@example.com,+1-555-5982,2023-10-04 06:00:00,PRD321,Product 321,Sports,5,530.45,0.17,0.08,14.26,2391.74,Credit Card,Pending,7576 Main St,City44,MI,87038,USA
ORD100949,CUST9456,Customer 9456,customer9456@example.com,+1-555-9245,2023-10-18 13:00:00,PRD871,Product 871,Health,10,240.09,0.06,0.08,19.2,2456.59,Cash on Delivery,Delivered,680 Main St,City5,IL,44448,USA
ORD100950,CUST3190,Customer 3190,customer3190@example.com,+1-555-3975,2023-02-12 09:00:00,PRD802,Product 802,Clothing,3,789.98,0.15,0.08,11.35,2186.95,PayPal,Pending,3250 Main St,City48,TX,78081,USA
ORD100951,CUST3206,Customer 3206,customer3206@example.com,+1-555-1142,2023-05-08 12:00:00,PRD595,Product 595,Books,4,342.39,0.02,0.08,16.54,1466.08,Bank Transfer,Processing,8179 Main St,City38,CA,90415,USA
ORD100952,CUST9058,Customer 9058,customer9058@example.com,+1-555-5523,2023-12-17 22:00:00,PRD935,Product 935,Toys,9,737.47,0.1,0.08,22.35,6473.74,Credit Card,Cancelled,3242 Main St,City34,NC,71198,USA
ORD100953,CUST7756,Customer 7756,customer7756@example.com,+1-555-3304,2023-06-09 17:00:00,PRD627,Product 627,Automotive,1,448.96,0.05,0.08,6.62,467.25,Cash on Delivery,Pending,7988 Main St,City71,FL,96307,USA
ORD100954,CUST3645,Customer 3645,customer3645@example.com,+1-555-4468,2023-05-27 22:00:00,PRD469,Product 469,Home & Garden,1,353.32,0.03,0.08,23.16,393.3,Credit Card,Shipped,4506 Main St,City64,TX,99558,USA
ORD100955,CUST9123,Customer 9123,customer9123@example.com,+1-555-6752,2023-07-06 05:00:00,PRD966,Product 966,Books,3,880.43,0.2,0.08,7.64,2289.71,PayPal,Cancelled,8008 Main St,City82,MI,98054,USA
ORD100956,CUST4987,Customer 4987,customer4987@example.com,+1-555-6684,2023-07-09 11:00:00,PRD335,Product 335,Books,5,798.25,0.15,0.08,8.73,3672.7,Bank Transfer,Delivered,316 Main St,City61,CA,58399,USA
ORD100957,CUST1669,Customer 1669,customer1669@example.com,+1-555-4716,2023-01-17 20:00:00,PRD330,Product 330,Toys,3,949.94,0.07,0.08,24.57,2886.93,PayPal,Delivered,3148 Main St,City87,GA,26770,USA
ORD100958,CUST6925,Customer 6925,customer6925@example.com,+1-555-5148,2023-01-08 19:00:00,PRD855,Product 855,Sports,9,41.18,0.19,0.08,10.81,335.03,PayPal,Shipped,6007 Main St,City15,FL,88632,USA
ORD100959,CUST5218,Customer 5218,customer5218@example.com,+1-555-4030,2023-11-06 10:00:00,PRD664,Product 664,Books,2,392.82,0.15,0.08,8.14,729.36,PayPal,Pending,9544 Main St,City57,GA,52507,USA
ORD100960,CUST5626,Customer 5626,customer5626@example.com,+1-555-6689,2023-02-25 19:00:00,PRD919,Product 919,Clothing,4,488.88,0.24,0.08,19.55,1624.64,PayPal,Shipped,9220 Main St,City27,OH,57142,USA
ORD100961,CUST5569,Customer 5569,customer5569@example.com,+1-555-7218,2023-12-30 21:00:00,PRD538,Product 538,Home & Garden,4,442.74,0.07,0.08,10.42,1789.17,Debit Card,Pending,1423 Main St,City52,GA,47952,USA
ORD100962,CUST2676,Customer 2676,customer2676@example.com,+1-555-9619,2023-07-09 08:00:00,PRD139,Product 139,Automotive,5,22.09,0.06,0.08,9.64,121.77,PayPal,Processing,2762 Main St,City56,NY,62462,USA
ORD100963,CUST7872,Customer 7872,customer7872@example.com,+1-555-9095,2023-08-14 06:00:00,PRD108,Product 108,Home & Garden,1,16.48,0.01,0.08,19.88,37.5,Debit Card,Delivered,7794 Main St,City13,IL,72568,USA
ORD100964,CUST2770,Customer 2770,customer2770@example.com,+1-555-8495,2023-11-29 15:00:00,PRD581,Product 581,Books,7,694.42,0.3,0.08,21.69,3696.56,Credit Card,Cancelled,9064 Main St,City43,IL,20071,USA
ORD100965,CUST5710,Customer 5710,customer5710@example.com,+1-555-7371,2023-09-04 06:00:00,PRD459,Product 459,Toys,3,335.85,0.04,0.08,12.57,1057.2,Cash on Delivery,Cancelled,2126 Main St,City34,FL,30342,USA
ORD100966,CUST1082,Customer 1082,customer1082@example.com,+1-555-1188,2023-05-15 06:00:00,PRD150,Product 150,Automotive,10,43.47,0.24,0.08,7.64,364.44,PayPal,Shipped,1754 Main St,City58,NC,38748,USA
ORD100967,CUST2004,Customer 2004,customer2004@example.com,+1-555-8022,2023-02-09 21:00:00,PRD115,Product 115,Automotive,10,408.34,0.28,0.08,12.78,3188.03,Cash on Delivery,Delivered,6347 Main St,City72,TX,21008,USA
ORD100968,CUST2411,Customer 2411,customer2411@example.com,+1-555-7095,2023-05-29 16:00:00,PRD470,Product 470,Home & Garden,10,787.13,0.1,0.08,13.12,7664.02,PayPal,Shipped,7981 Main St,City54,FL,20993,USA
ORD100969,CUST6142,Customer 6142,customer6142@example.com,+1-555-1048,2023-04-11 01:00:00,PRD374,Product 374,Sports,9,809.34,0.3,0.08,6.05,5512.8,Cash on Delivery,Delivered,7505 Main St,City78,GA,16876,USA
ORD100970,CUST5331,Customer 5331,customer5331@example.com,+1-555-9570,2023-11-06 06:00:00,PRD730,Product 730,Sports,7,49.14,0.0,0.08,21.28,392.78,Credit Card,Pending,7642 Main St,City76,CA,52756,USA
ORD100971,CUST5805,Customer 5805,customer5805@example.com,+1-555-5074,2023-07-14 00:00:00,PRD229,Product 229,Automotive,5,929.32,0.08,0.08,17.03,4633.89,Bank Transfer,Delivered,8229 Main St,City76,NY,26203,USA
ORD100972,CUST2893,Customer 2893,customer2893@example.com,+1-555-8509,2023-06-12 08:00:00,PRD811,Product 811,Automotive,2,22.43,0.29,0.08,24.29,58.69,Debit Card,Delivered,7248 Main St,City32,NC,15186,USA
ORD100973,CUST4573,Customer 4573,customer4573@example.com,+1-555-5493,2023-10-31 11:00:00,PRD414,Product 414,Clothing,5,552.65,0.13,0.08,9.17,2605.52,Cash on Delivery,Delivered,2076 Main St,City28,CA,86406,USA
ORD100974,CUST7480,Customer 7480,customer7480@example.com,+1-555-1107,2023-11-13 05:00:00,PRD455,Product 455,Electronics,5,132.83,0.27,0.08,14.08,537.7,Bank Transfer,Shipped,9574 Main St,City17,IL,35446,USA
ORD100975,CUST8859,Customer 8859,customer8859@example.com,+1-555-6549,2023-03-19 21:00:00,PRD602,Product 602,Toys,9,926.93,0.16,0.08,5.02,7573.22,Bank Transfer,Delivered,5487 Main St,City73,FL,52431,USA
ORD100976,CUST2037,Customer 2037,customer2037@example.com,+1-555-8084,2023-06-25 20:00:00,PRD828,Product 828,Books,5,954.08,0.07,0.08,10.89,4802.28,Credit Card,Shipped,124 Main St,City54,IL,38599,USA
ORD100977,CUST7867,Customer 7867,customer7867@example.com,+1-555-2404,2023-09-24 15:00:00,PRD840,Product 840,Automotive,6,190.92,0.09,0.08,9.65,1135.47,Bank Transfer,Pending,1075 Main St,City29,NY,24344,USA
ORD100978,CUST8012,Customer 8012,customer8012@example.com,+1-555-9416,2023-11-13 11:00:00,PRD316,Product 316,Toys,5,582.04,0.07,0.08,23.41,2946.41,Credit Card,Shipped,1932 Main St,City86,MI,81419,USA
ORD100979,CUST6237,Customer 6237,customer6237@example.com,+1-555-7857,2023-09-21 18:00:00,PRD885,Product 885,Clothing,4,989.18,0.28,0.08,9.4,3086.15,Cash on Delivery,Pending,2915 Main St,City42,OH,30462,USA
ORD100980,CUST1414,Customer 1414,customer1414@example.com,+1-555-8934,2023-04-27 09:00:00,PRD662,Product 662,Toys,6,595.62,0.11,0.08,13.69,3448.75,Credit Card,Cancelled,5645 Main St,City26,OH,85109,USA
ORD100981,CUST7888,Customer 7888,customer7888@example.com,+1-555-8510,2023-05-26 07:00:00,PRD712,Product 712,Toys,9,506.53,0.27,0.08,12.34,3606.47,Credit Card,Delivered,9296 Main St,City71,GA,97438,USA
ORD100982,CUST5903,Customer 5903,customer5903@example.com,+1-555-4701,2023-05-14 21:00:00,PRD549,Product 549,Clothing,9,804.71,0.16,0.08,22.01,6592.31,Bank Transfer,Delivered,9581 Main St,City29,MI,49243,USA
ORD100983,CUST3528,Customer 3528,customer3528@example.com,+1-555-6529,2023-10-30 15:00:00,PRD704,Product 704,Sports,7,542.19,0.14,0.08,20.25,3545.35,PayPal,Delivered,4264 Main St,City78,NY,82246,USA
ORD100984,CUST2103,Customer 2103,customer2103@example.com,+1-555-6200,2023-02-05 09:00:00,PRD610,Product 610,Books,5,706.98,0.27,0.08,10.37,2797.29,Debit Card,Processing,8257 Main St,City5,IL,26647,USA
ORD100985,CUST8435,Customer 8435,customer8435@example.com,+1-555-4140,2023-03-23 14:00:00,PRD268,Product 268,Clothing,3,560.48,0.13,0.08,12.95,1592.83,Debit Card,Cancelled,4063 Main St,City20,CA,25901,USA
ORD100986,CUST7848,Customer 7848,customer7848@example.com,+1-555-8114,2023-12-08 12:00:00,PRD161,Product 161,Home & Garden,2,398.76,0.25,0.08,8.52,654.51,PayPal,Processing,7987 Main St,City35,TX,90757,USA
ORD100987,CUST6504,Customer 6504,customer6504@example.com,+1-555-6936,2023-05-18 14:00:00,PRD272,Product 272,Clothing,5,491.42,0.09,0.08,17.04,2431.88,Credit Card,Pending,6643 Main St,City13,NC,60992,USA
ORD100988,CUST6895,Customer 6895,customer6895@example.com,+1-555-4472,2023-06-30 16:00:00,PRD118,Product 118,Toys,4,621.68,0.08,0.08,10.46,2481.26,Cash on Delivery,Processing,3455 Main St,City98,MI,51240,USA
ORD100989,CUST6077,Customer 6077,customer6077@example.com,+1-555-7219,2023-11-06 09:00:00,PRD569,Product 569,Books,4,195.45,0.16,0.08,24.51,733.76,PayPal,Cancelled,9965 Main St,City53,NY,99781,USA
ORD100990,CUST6290,Customer 6290,customer6290@example.com,+1-555-7797,2023-08-16 07:00:00,PRD616,Product 616,Health,10,932.94,0.21,0.08,21.58,7981.42,Credit Card,Shipped,680 Main St,City12,PA,62538,USA
ORD100991,CUST1711,Customer 1711,customer1711@example.com,+1-555-3123,2023-06-21 00:00:00,PRD843,Product 843,Clothing,2,604.91,0.05,0.08,11.13,1252.41,Bank Transfer,Shipped,2944 Main St,City30,FL,12646,USA
ORD100992,CUST9397,Customer 9397,customer9397@example.com,+1-555-2922,2023-10-29 21:00:00,PRD654,Product 654,Clothing,7,708.34,0.14,0.08,23.41,4628.75,Debit Card,Pending,5117 Main St,City91,GA,71180,USA
ORD100993,CUST7661,Customer 7661,customer7661@example.com,+1-555-8317,2023-07-22 20:00:00,PRD993,Product 993,Clothing,4,854.11,0.26,0.08,12.41,2742.83,Bank Transfer,Delivered,3433 Main St,City35,OH,55513,USA
ORD100994,CUST2523,Customer 2523,customer2523@example.com,+1-555-1055,2023-07-05 16:00:00,PRD107,Product 107,Home & Garden,9,25.4,0.14,0.08,18.08,230.4,Bank Transfer,Processing,8351 Main St,City7,GA,75941,USA
ORD100995,CUST7408,Customer 7408,customer7408@example.com,+1-555-5788,2023-04-09 21:00:00,PRD429,Product 429,Electronics,7,539.56,0.13,0.08,11.4,3560.19,Bank Transfer,Delivered,5765 Main St,City70,FL,99309,USA
ORD100996,CUST6556,Customer 6556,customer6556@example.com,+1-555-3547,2023-10-04 13:00:00,PRD126,Product 126,Automotive,9,983.4,0.15,0.08,24.71,8149.56,Bank Transfer,Processing,2988 Main St,City100,TX,48613,USA
ORD100997,CUST9682,Customer 9682,customer9682@example.com,+1-555-5939,2023-07-09 23:00:00,PRD718,Product 718,Clothing,7,571.48,0.01,0.08,18.13,4295.31,PayPal,Delivered,3212 Main St,City95,NY,81663,USA
ORD100998,CUST3394,Customer 3394,customer3394@example.com,+1-555-1438,2023-11-02 09:00:00,PRD639,Product 639,Toys,10,865.86,0.0,0.08,16.31,9367.6,Bank Transfer,Shipped,6247 Main St,City44,OH,10648,USA
ORD100999,CUST6661,Customer 6661,customer6661@example.com,+1-555-7125,2023-12-23 00:00:00,PRD297,Product 297,Books,8,693.62,0.03,0.08,24.21,5837.3,Cash on Delivery,Delivered,6123 Main St,City31,OH,34526,USA
